source,source_url,title,release_year,synopsis,genre,director,cast,country
w2w,https://w2w.vn/phim/2-trong-1/,2 trong 1,2006,"Lấy cảm hứng từ bộ phim hài kinh điển Some Like It Hot, nhưng 2 trong 1 đậm chất hài vui nhộn kiểu Việt Nam và có cái kết khá bất ngờ. Tình cờ tìm thấy một tấm bản đồ cổ, hai chàng trai Lộc và Quân phải tìm mọi cách để tiếp cận kho báu dưới hầm ngầm nhà hát, kể cả việc Lộc giả làm nữ nghệ sĩ Việt kiều cho tiện. Chưa tìm thấy vàng bạc, họ đã cùng chao đảo trước vẻ đẹp của ca sĩ Như Lan và trở thành tình địch của nhau. Phim hấp dẫn khán giả ở những cảnh giả gái xuất sắc của diễn viên Thành Lộc, hay cảnh tắm nude của người đẹp Ngô Thanh Vân...","[""Hài hước""]","[""-""]","[""Thành Lộc"", ""Ngô Thanh Vân"", ""Võ Thành Tâm""]",[]
w2w,https://w2w.vn/phim/56-ngay/,56 Ngày,2026,"56 Days bắt đầu từ cuộc gặp gỡ tình cờ trong siêu thị giữa Oliver và Ciara, nhanh chóng phát triển thành mối quan hệ mãnh liệt và đầy cảm xúc, nhưng khi một thi thể bị sát hại dã man được phát hiện sau 56 ngày, cuộc điều tra dần bóc tách câu chuyện tình yêu đầy biến động của họ, hé lộ những bí mật đen tối và sự thật gây chấn động.","[""Chính kịch"", ""Tội phạm"", ""Bí ẩn""]","[""Lisa Zwerling"", ""Karyn Usher""]","[""Dove Cameron"", ""Avan Jogia"", ""Dorian Missick"", ""Karla Souza"", ""Kingston Rumi Southwick"", ""Patch Darragh"", ""Kira Guloien""]",[]
w2w,https://w2w.vn/phim/aema/,Aema,2025,"Một tân binh, một ngôi sao. Hai diễn viên ngang ngược xung đột trước khi quay một bộ phim mới táo bạo. Liệu giữa họ có thể phát triển sự ăn ý, hay mâu thuẫn sẽ hủy hoại buổi quay?","[""Chính kịch"", ""Hài hước""]","[""-""]","[""이하늬"", ""방효린"", ""진선규"", ""Cho Hyun-chul"", ""우지현"", ""이주영"", ""김종수"", ""현봉식""]",[]
w2w,https://w2w.vn/phim/am-anh-kinh-hoang/,Ám Ảnh Kinh Hoàng,2013,"Ed và Lorraine Warren, là những nhà điều tra các hiện tượng siêu nhiên xảy ra trên nước Mỹ. Những báo cáo của họ còn truyền cảm hứng cho cuốn tiểu thuyết Amityville Horror. Trong phim hai vợ chồng Warren là những người điều tra các hiện tượng siêu nhiên, họ đến để hỗ trợ gia đình Perron đang trải qua các sự kiện ngày càng đáng lo ngại trong trang trại của họ ở Harrisville, Rhode Island vào năm 1971.","[""Kinh dị"", ""Giật gân""]","[""James Wan""]","[""Vera Farmiga"", ""Patrick Wilson"", ""Lili Taylor"", ""Ron Livingston"", ""Hayley McFarland"", ""Sterling Jerins"", ""Shanley Caswell"", ""Mackenzie Foy""]",[]
w2w,https://w2w.vn/phim/anh-duong-vinh-cuu-cua-tam-hon-thanh-khiet/,Ánh Dương Vĩnh Cửu Của Tâm Hồn Thanh Khiết,2004,"Joel (Jim Carrey) bàng hoàng nhận ra rằng ký ức của cô bạn gái Clementine (Kate Winslet) về tình yêu của 2 người đã bị xóa mờ trong tâm trí.Đau khổ và tuyệt vọng, Joel nhờ tiến sĩ Howard Mierzwiak (Tom Wilkinson) thực hiện việc xóa hình ảnh của Clementine ra khỏi trái tim anh. Nhưng trong khi thực hiện điều này, Joel lại cảm thấy vẫn còn yêu Clemetine. Thế là cuộc rượt đuổi tình yêu bắt đầu khiến Joel nhận ra rằng anh chưa bao giờ dứt bỏ được Clemetine ra khỏi trái tim mình...","[""Viễn tưởng"", ""Chính kịch"", ""Tình cảm""]","[""Michel Gondry""]","[""Jim Carrey"", ""Kate Winslet"", ""Kirsten Dunst"", ""Mark Ruffalo"", ""Elijah Wood"", ""Tom Wilkinson"", ""Jane Adams"", ""David Cross""]",[]
w2w,https://w2w.vn/phim/anh-sang-do-thi/,Ánh Sáng Đô Thị,1931,"Trong bộ phim câm kỷ nguyên âm thanh này, một kẻ lang thang phải lòng một cô bán hoa mù xinh đẹp.","[""Hài hước"", ""Chính kịch"", ""Tình cảm""]","[""Charlie Chaplin""]","[""Charlie Chaplin"", ""Virginia Cherrill"", ""Florence Lee"", ""Harry Myers"", ""Al Ernest Garcia"", ""Hank Mann"", ""Albert Austin"", ""Eddie Baker""]",[]
w2w,https://w2w.vn/phim/anh-sao-ma-thuat/,Ánh Sao Ma Thuật,2007,"Tristan hứa với Victoria sẽ có được một ngôi sao từ vương quốc Stormhold huyền diệu tồn tại bên kia Bức tường. Cố gắng giữ lời hứa của mình, Tristan cuối cùng đã có một cuộc phiêu lưu thay đổi cuộc đời anh.","[""Phiêu lưu"", ""Tưởng tượng"", ""Tình cảm"", ""Gia đình""]","[""Matthew Vaughn""]","[""Charlie Cox"", ""Claire Danes"", ""Michelle Pfeiffer"", ""Mark Strong"", ""Jason Flemyng"", ""Robert De Niro"", ""Sienna Miller"", ""Sarah Alexander""]",[]
w2w,https://w2w.vn/phim/argylle-sieu-diep-vien/,Argylle: Siêu Điệp Viên,2024,"Khi nội dung bộ sách điệp viên của mình bám theo quá sát hoạt động của một tổ chức ngầm nguy hiểm, tiểu thuyết gia hướng nội Elly Conway và con mèo của mình bị cuốn vào thế giới tình báo ngoài đời thực, nơi không thứ gì, và không ai, giống như vẻ bề ngoài.","[""Hành động"", ""Phiêu lưu"", ""Hài hước""]","[""Matthew Vaughn""]","[""Henry Cavill"", ""Bryce Dallas Howard"", ""Sam Rockwell"", ""Bryan Cranston"", ""Catherine O'Hara"", ""Sofia Boutella"", ""Dua Lipa"", ""Ariana DeBose""]",[]
w2w,https://w2w.vn/phim/atri-thuy-trieu-ky-uc/,ATRI: Thủy Triều Ký Ức,2024,"Trong một tương lai gần, nước biển dâng cao không rõ nguyên nhân đã nhấn chìm phần lớn nền văn minh. Ikaruga Natsuki, một cậu bé từng mất mẹ và một chân trong tai nạn, trở về ngôi nhà nông thôn và thấy nơi đây bị biển cả chiếm lĩnh. Cậu chỉ còn lại con tàu, tàu ngầm, và khoản nợ của bà ngoại, một nhà hải dương học quá cố. Để khôi phục tương lai đã mất, Natsuki chấp nhận lời đề nghị của người đòi nợ Catherine, bắt đầu tìm kho báu trong phòng thí nghiệm chìm dưới biển của bà. Thay vì của cải, họ tìm thấy Atri, một người máy giống hệt con người, đang ngủ trong quan tài dưới đáy đại dương.","[""Hoạt hình"", ""Chính kịch"", ""Phiêu lưu"", ""Viễn tưởng""]","[""-""]","[""小野賢章"", ""赤尾ひかる"", ""髙橋ミナミ"", ""細谷佳正"", ""日笠陽子"", ""春野杏""]",[]
w2w,https://w2w.vn/phim/avengers-1biet-doi-sieu-anh-hung/,Avengers 1:Biệt Đội Siêu Anh Hùng,2012,"The Avengers là bộ phim giả tưởng kể về một nhóm siêu anh hùng với những khả năng đặc biệt, họ bao gồm: Người Sắt, Thor, Đội trưởng Mỹ, và Người Khổng Lồ Xanh Hulk cùng tham gia với tổ chức bảo vệ thế giới SHIELD. Mục đích của SHIELD là nhằm bảo vệ Trái Đất khỏi âm mưu hủy hoại của những thế lực xấu từ ngoài địa cầu mà kẻ cầm đầu là Loki.","[""Hành động"", ""Phiêu lưu"", ""Viễn tưởng""]","[""Joss Whedon""]","[""Robert Downey Jr."", ""Chris Evans"", ""Mark Ruffalo"", ""Chris Hemsworth"", ""Scarlett Johansson"", ""Jeremy Renner"", ""Tom Hiddleston"", ""Clark Gregg""]",[]
w2w,https://w2w.vn/phim/ba-chu-bau-troi-masters-of-the-air/,Bá Chủ Bầu Trời - Masters of the Air,2024,"Trong Thế chiến II, các phi công mạo hiểm mạng sống gia nhập Nhóm Ném Bom 100, tình anh em được hun đúc bởi lòng dũng cảm, sự mất mát và chiến thắng.","[""Chính kịch"", ""Chiến tranh""]","[""John Orloff""]","[""Austin Butler"", ""Callum Turner"", ""Anthony Boyle"", ""Nate Mann"", ""Stephen Campbell Moore""]",[]
w2w,https://w2w.vn/phim/ba-vuong-hoc-duong/,Bá Vương Học Đường,2024,"Mấy tay côn đồ ở trường cấp 3 Furin tuy học dở nhưng lại giỏi bảo vệ thị trấn. Sau đó, một học sinh mới ám ảnh với chiến thắng đe dọa cán cân quyền lực ở đây.","[""Hoạt hình"", ""Phiêu lưu""]","[""-""]","[""内田雄馬"", ""千葉翔也"", ""Uchiyama Koki"", ""島﨑信長"", ""鈴木崚汰"", ""Nakamura Yuichi"", ""小林千晃"", ""松岡洋平""]",[]
w2w,https://w2w.vn/phim/bach-xa-3-phu-sinh/,Bạch Xà 3: Một Kiếp Nhân Gian,2024,"Tại Lâm An thời Nam Tống, Tiểu Bạch cuối cùng đã tìm thấy Hứa Tiên, hóa thân của A Tuyên sau năm trăm năm, và hai người gặp nhau qua một cây cầu. Hai người bắt đầu cuộc sống sôi động trên thế giới cùng tại Hàng Châu. Tuy nhiên Pháp Hải từ chùa Kim Sơn đến để diệt trừ ma quỷ và bất ngờ tiết lộ danh tính của Tiểu Bạch và Tiểu Thanh","[""Hoạt hình"", ""Hài hước"", ""Tưởng tượng"", ""Tình cảm""]","[""Jianxi Chen"", ""Jiakai Li""]","[""张喆"", ""杨天翔"", ""唐小喜"", ""张赫"", ""劉琮"", ""Zheng Xiaopu"", ""Cheng Ma"", ""林强""]",[]
w2w,https://w2w.vn/phim/ban-do-khat-vong/,Bản Đồ Khát Vọng,2026,"Trước khi qua đời, Lucy tạo ra một trò chơi dành cho cô em gái Greta, đưa cô bước vào hành trình khám phá bản thân – và dần đến gần chàng trai cuốn hút Will Tucker.","[""Chính kịch""]","[""Isa Sánchez""]","[""Alícia Falcó"", ""Pablo Álvarez"", ""Georgina Amorós"", ""Laia Marull"", ""Mario de la Rosa"", ""Ramón Barea""]",[]
w2w,https://w2w.vn/phim/ban-nang-goc-2/,Bản Năng Gốc 2,2006,"Tiếp theo phần 1 đã ra mắt vào năm 1994, lần này tiểu thuyết gia Catherine Tramell lại một lần nữa gặp rắc rối với cảnh sát khi họ cử bác sĩ tâm thần học Andrew Glass đến phỏng vấn để xem xét cô có đủ điều kiện dự phiên tòa xét xử hay không. Và như thanh tra Nick Curran trước đây, Glass cũng bị Catherine chinh phục và dần dần sa chân vào trò chơi quyến rũ đầy chết người của cô.","[""Tội phạm"", ""Bí ẩn"", ""Giật gân""]","[""Michael Caton-Jones""]","[""Sharon Stone"", ""David Morrissey"", ""Charlotte Rampling"", ""David Thewlis"", ""Stan Collymore"", ""Indira Varma"", ""Heathcote Williams"", ""Hugh Dancy""]",[]
w2w,https://w2w.vn/phim/ban-nang-goc/,Bản Năng Gốc,1992,"Nick, một thanh tra hay say rượu đột nhiên bị cuốn vào một vụ án giết người bí hiểm với một nữ nhà văn viết tiểu thuyết về tình dục Catherine Trammell. Cuốn truyện mới nhất của Catherine có nhiều điểm tương đồng kì lạ với vụ án mà Nick đang điều tra. Trong khi quen Catherine các vụ án tương tự liên tiếp xảy ra và luôn có giống như liên quan đến cô ta. Bác sĩ tâm thần và đồng nghiệp rất lo lắng cho tính mạng của Nick vì có thể người tình đồng tính của Catherine có thể ghen tức và giết anh...","[""Giật gân"", ""Bí ẩn""]","[""Paul Verhoeven""]","[""Michael Douglas"", ""Sharon Stone"", ""George Dzundza"", ""Jeanne Tripplehorn"", ""Denis Arndt"", ""Leilani Sarelle"", ""Bruce A. Young"", ""Chelcie Ross""]",[]
w2w,https://w2w.vn/phim/ban-nang-lam-me/,Bản năng làm mẹ,2026,Một người phụ nữ bị cảnh sát chặn xe và khai rằng vừa sinh con. Nhưng đứa bé và máu đều không phải của cô ta. Lời dối trá hiểm độc bị phơi bày trong phim tài liệu về tội phạm này.,"[""Tài liệu"", ""Tội phạm""]","[""Jessica Dimmock""]","[""-""]",[]
w2w,https://w2w.vn/phim/bang-chung-vo-hinh/,Bằng Chứng Vô Hình,2020,"Khi một phụ nữ mù chật vật thuyết phục cảnh sát rằng cô đã chứng kiến vụ tai nạn giao thông chết người, một kẻ giết người tàn bạo theo sát mọi hành động của cô.","[""Giật gân"", ""Hành động"", ""Bí ẩn"", ""Tội phạm""]","[""Trịnh Đình Lê Minh""]","[""Phương Anh Đào"", ""Ngô Quang Tuấn"", ""Otis"", ""Ái Phương""]",[]
w2w,https://w2w.vn/phim/bao-tang-ngay-tho/,Bảo tàng ngây thơ,2026,"Ở Istanbul thập niên 70, tình yêu bị cấm đoán của một người đàn ông với cô gái bán hàng để lại nỗi ám ảnh và khao khát cả đời. Loạt phim chuyển thể từ tiểu thuyết của Orhan Pamuk.","[""Chính kịch""]","[""Zeynep Günay Tan""]","[""Selahattin Paşalı"", ""Eylül Lize Kandemir"", ""Oya Unustası"", ""Tilbe Saran"", ""Bülent Emin Yarar"", ""Gülçin Kültür Şahin"", ""Zeynep Dinsel"", ""Tolga İskit""]",[]
w2w,https://w2w.vn/phim/batman-dai-chien-superman-anh-sang-cong-ly/,Batman Đại Chiến Superman: Ánh Sáng Công Lý,2016,"Nội dung bộ phim sẽ xoay quanh cuộc đối đầu có 1-0-2 của vị hiệp sĩ mạnh mẽ, đáng gờm nhất của thành phố Gotham với biểu tượng được tôn sùng nhất của thành phố Metropolis. Nguyên nhân của “cuộc chiến” này bắt nguồn từ việc họ đang lo lắng vì không thể kiểm soát được siêu anh hùng mới có sức mạnh thần thánh. Tuy nhiên, trong lúc họ “mải miết” chiến đấu với nhau thì có một mối đe dọa khác đã nổi lên và đẩy nhân loại vào tình thế nguy hiểm hơn bao giờ hết.","[""Hành động"", ""Phiêu lưu"", ""Tưởng tượng""]","[""Zack Snyder""]","[""Ben Affleck"", ""Henry Cavill"", ""Jesse Eisenberg"", ""Gal Gadot"", ""Amy Adams"", ""Diane Lane"", ""Laurence Fishburne"", ""Jeremy Irons""]",[]
w2w,https://w2w.vn/phim/bay-rong/,Bẫy Rồng,2009,"Câu chuyện trong Bẫy rồng được mở đầu đầy ẩn dụ về những mối quan hệ lắt léo trong giới giang hồ, ở đó kẻ đặt bẫy người khác có khi cũng chính là con mồi, và ngược lại.Câu chuyện bắt đầu khi một băng nhóm giang hồ do Trinh, biệt danh Phượng Hoàng (Ngô Thanh Vân) nhận nhiệm vụ giành giật một chiếc máy tính xách tay có khả năng xâm nhập và điều khiển vệ tinh Vinasat 1, đang nằm trong tay một băng mafia người Pháp – những tên này tới Sài Gòn với mục đích rao bán chiếc máy tính xách tay trên với số tiền khổng lồ.Để thực hiện phi vụ, Trinh chiêu mộ một số tay giang hồ cộm cán – trong đó có Quân, biệt danh Hổ (Johnny Trí Nguyễn) và mua vũ khí từ các băng đảng khác. Những cuộc xung đột nảy lửa diễn ra ngay từ đầu bởi ...","[""Hành động"", ""Giật gân"", ""Tình cảm""]","[""Lê Thanh Sơn""]","[""Johnny Trí Nguyễn"", ""Ngô Thanh Vân"", ""Hiếu Hiền"", ""Hoàng Phúc"", ""Lâm Minh Thắng"", ""Nguyễn Hậu"", ""Isabelle Du""]",[]
w2w,https://w2w.vn/phim/bay-tien-cu-lua-tien-ty/,Bẫy Tiền: Cú Lừa Tiền Tỷ,2026,"Khi một vụ lừa đảo qua điện thoại bất ngờ ập đến, Đăng Thức tưởng chừng nắm trong tay cuộc sống ổn định bỗng bị cuốn vào vòng xoáy nguy hiểm giữa tiền bạc, tình thân và niềm tin — nơi mỗi lựa chọn không chỉ đánh đổi bằng tiền, mà còn bằng chính những người anh yêu thương.","[""Chính kịch"", ""Hành động""]","[""Oscar Duong""]","[""Liên Bỉnh Phát"", ""Mai Cát Vi"", ""Tam Triều Dâng""]",[]
w2w,https://w2w.vn/phim/bay-xac-song/,Bầy Xác Sống,2026,"Giáo sư Se Jeong tham dự một hội nghị công nghệ sinh học, nhưng lại chứng kiến ​​nó biến thành thảm họa khi một loại virus đột biến nhanh chóng được giải phóng. Khi dịch bệnh lan rộng và những người nhiễm bệnh bắt đầu biến đổi, chính quyền đã phong tỏa toàn bộ cơ sở.","[""Hành động"", ""Kinh dị"", ""Giật gân""]","[""연상호""]","[""전지현"", ""구교환"", ""지창욱"", ""신현빈"", ""김신록"", ""고수"", ""이중옥"", ""김종태""]",[]
w2w,https://w2w.vn/phim/belle-lablac-ke-lac-loai/,Belle Lablac: Kẻ Lạc Loài,2024,"Belle Lablac là con người duy nhất trong một thế giới đầy những loài vật hình người. Không răng nanh, không lông, không vảy, không móng vuốt. Cô đơn và khao khát khám phá nguồn gốc của mình, Belle lên đường tìm kiếm câu trả lời cho những thắc mắc trong tim. Chỉ mang theo thanh đại kiếm Runding, cô đối mặt với một thế giới đầy những cơ hội và cạm bẫy với hy vọng tìm ra sự thật.","[""Hoạt hình"", ""Viễn tưởng"", ""Phiêu lưu""]","[""-""]","[""ファイルーズあい"", ""沢城みゆき"", ""小清水亜美"", ""津田健次郎"", ""榎木淳弥"", ""早見沙織"", ""諏訪部順一"", ""Hanae Natsuki""]",[]
w2w,https://w2w.vn/phim/bien-tau-grimm/,Biến tấu Grimm,2024,"Lấy cảm hứng từ những câu chuyện kinh điển của anh em nhà Grimm, hợp tuyển này bao gồm sáu câu chuyện cổ tích có biến tấu đen tối, vạch trần mặt tối trong ham muốn của con người.","[""Hoạt hình"", ""Viễn tưởng"", ""Chính kịch"", ""Bí ẩn""]","[""-""]","[""福圓美里"", ""鈴木達央"", ""野島健児""]",[]
w2w,https://w2w.vn/phim/biet-doi-sam-set-thunderbolts/,Thunderbolts*,2025,"Sau khi thấy mình bị mắc kẹt trong một cái bẫy chết người, bảy người bị bỏ rơi vỡ mộng phải bắt tay vào một nhiệm vụ nguy hiểm sẽ buộc họ phải đối mặt với những góc đen tối nhất trong quá khứ của họ.","[""Hành động"", ""Phiêu lưu"", ""Viễn tưởng""]","[""Jake Schreier""]","[""Florence Pugh"", ""Sebastian Stan"", ""Julia Louis-Dreyfus"", ""Lewis Pullman"", ""David Harbour"", ""Wyatt Russell"", ""Hannah John-Kamen"", ""Ольга Куриленко""]",[]
w2w,https://w2w.vn/phim/biet-doi-sieu-kho/,Biệt Đội Siêu Khờ,2026,"Yoo In Sik (""Nữ luật sư kỳ lạ Woo Young Woo"") đạo diễn loạt phim hài hành động này về ba kẻ lạc loài tình cờ sở hữu siêu năng lực – nhưng không biết cách sử dụng.","[""Phiêu lưu"", ""Hài hước"", ""Viễn tưởng"", ""Chính kịch""]","[""강은경"", ""유인식"", ""Heo Da-jung""]","[""박은빈"", ""차은우"", ""최대훈"", ""임성재"", ""김해숙"", ""손현주"", ""Bae Na-ra"", ""정이서""]",[]
w2w,https://w2w.vn/phim/bo-5-sieu-dang-cap/,Bộ 5 Siêu Đẳng Cấp,2025,"Thể loại: Siêu Hài, Siêu Lòng, Siêu Hài Lòng HI.FIVE – bộ phim bom tấn siêu anh hùng châu Á, pha trộn hành động mãn nhãn và tiếng cười bùng nổ. Năm người bình thường bỗng dưng ""trúng số"" — bất ngờ sở hữu siêu năng lực bá đạo sau một ca ghép tạng... kỳ quặc! Bị đời đẩy đưa trở thành siêu anh hùng bất đắc dĩ, họ vừa ""gánh team"" cứu thế giới, phải học cách dùng năng lực đúng lúc để không phá banh mọi thứ xung quanh. Khi định mệnh ép bạn lên level – bạn có dám bung skill tới bến?","[""Hành động"", ""Phiêu lưu"", ""Hài hước"", ""Tưởng tượng""]","[""강형철""]","[""이재인"", ""안재홍"", ""유아인"", ""라미란"", ""김희원"", ""오정세"", ""신구"", ""진영""]",[]
w2w,https://w2w.vn/phim/bo-ba-uu-viet/,Bộ Ba Ưu Việt,2016,"Bộ Ba Ưu Việt là một bộ phim hài hước do Mỹ sản xuất xoay quanh câu chuyện đầy thú vị về ba nữ toán học người Mỹ gốc Phi Dorothy Vaughn, Mary Jackson và Katherine Johnson. Trong phim lấy bối cảnh và thời kỳ Nga Mỹ đang chạy đua quyết liệt với nhau về việc đưa người lên không giang và NASA đã tìm ra những người phụ nữ tài năng làm bộ não đứng sau hoạt động mang tính lịch sử lần này.","[""Chính kịch"", ""Lịch sử""]","[""Theodore Melfi""]","[""Taraji P. Henson"", ""Octavia Spencer"", ""Janelle Monáe"", ""Kevin Costner"", ""Kirsten Dunst"", ""Jim Parsons"", ""Mahershala Ali"", ""Glen Powell""]",[]
w2w,https://w2w.vn/phim/bo-cau-den/,Bồ câu đen,2024,"Đóng giả làm vợ của một chính trị gia, nữ gián điệp nọ biết rằng người tình của mình đã bị sát hại. Một người bạn cũ là sát thủ bèn cùng cô đi tìm sự thật và trả thù.","[""Phiêu lưu"", ""Bí ẩn"", ""Tội phạm""]","[""Joe Barton""]","[""Keira Knightley"", ""Ben Whishaw"", ""Sarah Lancashire""]",[]
w2w,https://w2w.vn/phim/bo-gia/,Bố Già,1972,"Một câu chuyện kéo dài từ năm 1945 đến năm 1955, một biên niên sử về gia đình tội phạm Corleone người Mỹ gốc Ý. Khi tộc trưởng gia đình tội phạm có tổ chức, Vito Corleone bị ám sát bởi băng nhóm đối thủ, con trai út của ông, Michael đã phải nhúng tay vào tội ác và chống lại đối thủ với việc phát động một chiến dịch trả thù đẫm máu.","[""Chính kịch"", ""Tội phạm""]","[""Francis Ford Coppola""]","[""Marlon Brando"", ""Al Pacino"", ""James Caan"", ""Robert Duvall"", ""Richard S. Castellano"", ""Diane Keaton"", ""Talia Shire"", ""Gianni Russo""]",[]
w2w,https://w2w.vn/phim/bo-tu-sieu-dang-buoc-di-dau-tien/,Bộ Tứ Siêu Đẳng: Bước Đi Đầu Tiên,2025,"Sau một chuyến bay thám hiểm vũ trụ, bốn phi hành gia bất ngờ sở hữu năng lực siêu nhiên và trở thành gia đình siêu anh hùng đầu tiên của Marvel. The Fantastic Four: First Steps là bộ phim mở đầu Kỷ nguyên anh hùng thứ sáu (Phase Six), đặt nền móng cho siêu bom tấn Avengers: Doomsday trong năm sau.","[""Hành động"", ""Phiêu lưu"", ""Viễn tưởng""]","[""Matt Shakman""]","[""Pedro Pascal"", ""Vanessa Kirby"", ""Ebon Moss-Bachrach"", ""Joseph Quinn"", ""Ralph Ineson"", ""Julia Garner"", ""Paul Walter Hauser"", ""Natasha Lyonne""]",[]
w2w,https://w2w.vn/phim/bon-mua/,Bốn mùa,2025,"Tình bạn kéo dài hàng thập kỷ của ba cặp vợ chồng bị thử thách khi một đôi ly hôn, khiến truyền thống đi nghỉ cuối tuần hàng quý của họ trở nên rối rắm.","[""Hài hước""]","[""Lang Fisher"", ""Tracey Wigfield"", ""Tina Fey""]","[""Tina Fey"", ""Colman Domingo"", ""Erika Henningsen"", ""Kerri Kenney"", ""Will Forte"", ""Marco Calvani""]",[]
w2w,https://w2w.vn/phim/bong-bot-tuoi-day-thi/,Bồng Bột Tuổi Dậy Thì,2014,"Rosie và Alex đã là bạn từ khi còn nhỏ và không thể tưởng tượng mình là một cặp. Tuy nhiên, khi họ đi theo những hướng khác nhau, họ nhận ra rằng họ được tạo ra cho nhau.","[""Tình cảm"", ""Chính kịch"", ""Hài hước""]","[""Christian Ditter""]","[""Lily Collins"", ""Sam Claflin"", ""Christian Cooke"", ""Tamsin Egerton"", ""Suki Waterhouse"", ""Jaime Winstone"", ""Art Parkinson"", ""Jamie Beamish""]",[]
w2w,https://w2w.vn/phim/bong-ma-anh-quoc-nguoi-bat-tu/,Bóng ma Anh Quốc: Người bất tử,2026,"Sau khi cậu con trai xa cách bị cuốn vào một âm mưu của Đức Quốc xã, trùm tội phạm sống lưu vong Tommy Shelby buộc phải trở lại Birmingham để cứu gia đình và bảo vệ đất nước.","[""Tội phạm"", ""Chính kịch""]","[""Tom Harper""]","[""Cillian Murphy"", ""Barry Keoghan"", ""Rebecca Ferguson"", ""Tim Roth"", ""Stephen Graham"", ""Sophie Rundle"", ""Ned Dennehy"", ""Packy Lee""]",[]
w2w,https://w2w.vn/phim/boongke-cua-ty-phu/,Boongke của tỷ phú,2025,"Khi một nhóm tỷ phú trú ẩn trong một boongke sang trọng, mối hiềm khích cũ giữa hai gia đình lại trỗi dậy giữa bối cảnh xung đột toàn cầu chưa từng có.","[""Viễn tưởng"", ""Chính kịch"", ""Bí ẩn""]","[""Álex Pina"", ""Esther Martínez Lobato""]","[""Miren Ibarguren"", ""Joaquín Furriel"", ""Natalia Verbeke"", ""Carlos Santos"", ""Montse Guallar"", ""Pau Simon"", ""Alícia Falcó"", ""Agustina Bisio""]",[]
w2w,https://w2w.vn/phim/bup-be-ma-sabrina/,Búp Bê Ma Sabrina,2018,"Một nhà sản xuất đồ chơi và vợ đã bị một con quỷ tấn công sau khi bé gái mồ côi họ nhận nuôi gọi hồn người mẹ đã mất. Đây là bộ phim thứ ba trong loạt ""Búp bê ma"".","[""Kinh dị"", ""Giật gân""]","[""Rocky Soraya""]","[""Luna Maya"", ""Christian Sugiono"", ""Sara Wijayanto"", ""Demian Aditya"", ""Asri Handayani"", ""Rizky Hanggono"", ""Richelle Georgette Skornicki"", ""Jeremy Thomas""]",[]
w2w,https://w2w.vn/phim/cach-mot-dai-dich-ket-thuc/,Cách Một Đại Dịch Kết Thúc,2025,"Lâm (17), An (17) và Bảo (17) phát hiện bạn thân Minh (17) đã biến thành zombie đầu tiên trên thế giới. Kẹt ở khu vực không có sóng điện thoại, họ đối mặt hai lựa chọn khó khăn: đưa Minh về thành phố tìm cách cứu chữa nhưng có thể gây ra đại dịch toàn cầu, hoặc giết chết bạn mình để bảo vệ nhân loại. Lâm quyết định phải tiêu diệt Minh, nhưng cần thuyết phục Bảo - người coi trọng tình cảm hơn mạng sống, và An - thông minh nhưng thiếu chính kiến. Câu chuyện xoay quanh cuộc đấu tranh nội tâm giữa tình bạn và trách nhiệm với nhân loại.","[""Hài hước"", ""Chính kịch""]","[""Đặng Thùy Trang""]","[""-""]",[]
w2w,https://w2w.vn/phim/cai-gia-cua-loi-thu-toi/,Cái giá của lời thú tội,2025,"Bị buộc tội giết chồng, người phụ nữ nọ được một người lạ mặt bí ẩn đề xuất một lối thoát. Theo đó, cô phải phạm tội giết người, đổi lại, người nọ sẽ nhận tội thay cô.","[""Bí ẩn"", ""Chính kịch""]","[""권종관"", ""이정효""]","[""전도연"", ""김고은"", ""박해수"", ""진선규"", ""최영준""]",[]
w2w,https://w2w.vn/phim/cam-ket-thoa-man-tot-cung-maximum-pleasure-guaranteed/,Cam Kết Thỏa Mãn Tột Cùng - Maximum Pleasure Guaranteed,2026,"Một bà mẹ vừa ly hôn bất ngờ rơi vào vòng xoáy nguy hiểm của tống tiền, án mạng và... bóng đá thiếu nhi.","[""Hài hước""]","[""David Rosen""]","[""Tatiana Maslany"", ""Jake Johnson"", ""Dolly de Leon"", ""Jessy Hodges"", ""Jon Michael Hill"", ""Charlie Hall"", ""Kiarra Hamagami Goldberg"", ""Nola Wallace""]",[]
w2w,https://w2w.vn/phim/cam-nang-xanh/,Cẩm Nang Xanh,2018,"Lấy bối cảnh nước Mỹ những năm 1960 khi nạn phân biệt chủng tộc còn nặng nề. Tony Lip được thuê làm người lái xe kiêm vệ sĩ cho nghệ sĩ piano huyền thoại da đen - Don Shirley, trong chuyến lưu diễn xuyên miền nam nước Mỹ. Phim có lời thoại rất hay.","[""Chính kịch"", ""Hài hước"", ""Lịch sử""]","[""Peter Farrelly""]","[""Viggo Mortensen"", ""Mahershala Ali"", ""Linda Cardellini"", ""Sebastian Maniscalco"", ""Dimiter D. Marinov"", ""Mike Hatton"", ""P.J. Byrne"", ""Joe Cortese""]",[]
w2w,https://w2w.vn/phim/cam-on-moi-nguoi-tiep-theo/,"Cảm ơn, mời người tiếp theo!",2024,"Sau cuộc chia tay đau lòng, nữ luật sư trẻ nọ lao vào thế giới hẹn hò thời hiện đại đầy phức tạp, với sự ủng hộ hết mực của hội bạn thân.","[""Chính kịch"", ""Hài hước""]","[""Ece Yörenç"", ""Bertan Başaran""]","[""Serenay Sarıkaya"", ""Fatih Artman"", ""Hakan Kurtaş"", ""Metin Akdülger"", ""Boran Kuzum"", ""Ahmet Rıfat Şungar"", ""Meriç Aral"", ""Efe Tunçer""]",[]
w2w,https://w2w.vn/phim/can-ho-tinh-yeu/,Căn Hộ Tình Yêu,1960,"Đã hết giờ làm việc, nhưng Baxter không thể về nhà. Căn hộ của anh bị các sếp trong công ty trưng dụng làm chỗ ""mây mưa"", với lời hứa hẹn sẽ thăng chức cho anh. Vì thế sau giờ làm việc, Baxter không thể về nhà mà phải lang thang khắp nơi. Cho đến khi anh phát hiện cô tình nhân mới của sếp là Fran, người trong mộng của mình, thì mọi thứ thay đổi... Apartment có tông chủ đạo là hài hước, giống như hầu hết các phim Hollywood thời kỳ này, và hài hước rất duyên dáng. Sự chắc tay trong kịch bản của Wilder và Diamond, vốn đang ở trong độ chín của sự nghiệp, đặc biệt sau thành công của Some Like It Hot (Có người thích nóng, 1959), đủ sức để tạo ra một bộ phim dễ xem với số đông ngay cả ở hiện tại. Cốt truyện sáng tạo nhưng rất đời thường, dàn diễn viên tài năng, diễn biến tâm lý phức tạp của các nhân vật xen kẽ với những pha gây cười thông minh đã đưa The Apartment vào danh sách một trong những bộ phim đáng xem nhất mọi thời đại.","[""Hài hước"", ""Chính kịch"", ""Tình cảm""]","[""Billy Wilder""]","[""Jack Lemmon"", ""Shirley MacLaine"", ""Fred MacMurray"", ""Ray Walston"", ""Jack Kruschen"", ""David Lewis"", ""Hope Holiday"", ""Joan Shawlee""]",[]
w2w,https://w2w.vn/phim/cap-doi-hoan-hao/,Cặp đôi hoàn hảo,2024,Amelia sắp được gả vào một trong những gia đình giàu có nhất ở Nantucket. Nhưng rồi cái chết động trời phá hỏng đám cưới ấy và biến mọi người thành nghi phạm.,"[""Chính kịch"", ""Bí ẩn"", ""Tội phạm""]","[""Jenna Lamia""]","[""Nicole Kidman"", ""Eve Hewson"", ""Liev Schreiber"", ""Billy Howle"", ""Meghann Fahy"", ""Donna Lynne Champlin"", ""Jack Reynor"", ""Michael Beach""]",[]
w2w,https://w2w.vn/phim/captain-america-ke-bao-thu-dau-tien/,Captain America: Kẻ Báo Thù Đầu Tiên,2011,"Phim lấy bối cảnh từ đầu năm 1942, khi Mỹ đang tham gia Thế chiến thứ II và cần tới những chiến binh can trường. Chàng trai Steve Rogers (Chris Evans) là một người như vậy, nhưng thể hình quá thấp bé khiến anh không thể đạt được ước mơ tòng quân. Cơ may đến với Rogers khi anh được chọn tham gia một thí nghiệm của chính phủ, giúp biến người thường trở thành siêu chiến binh. Mọi việc diễn ra suôn sẻ, biến Rogers thành một người cao to vạm vỡ, đầu óc tiếp thu mọi kỹ năng chiến đấu nhanh và vẫn giữ được trái tim nhân hậu. Anh trở thành Đội trưởng Mỹ, biểu tượng của nước Mỹ kể từ đó. Đối thủ của anh là phe Phát-xít, với quái nhân Red Skull, kẻ không chỉ quyền năng mà còn rất tàn ác.","[""Hành động"", ""Phiêu lưu"", ""Viễn tưởng""]","[""Joe Johnston""]","[""Chris Evans"", ""Hayley Atwell"", ""Sebastian Stan"", ""Tommy Lee Jones"", ""Hugo Weaving"", ""Dominic Cooper"", ""Richard Armitage"", ""Stanley Tucci""]",[]
w2w,https://w2w.vn/phim/cashero-anh-hung-tien-mat/,Cashero: Anh hùng tiền mặt,2025,Một người đàn ông bình thường thừa hưởng siêu năng lực rồi phát hiện một thế lực hiểm ác đang tìm cách cướp sức mạnh đó. Nhưng mỗi lần anh ra tay là tiền bay khỏi ví.,"[""Phiêu lưu"", ""Chính kịch""]","[""Lee Chang-min"", ""Jeon Chan-ho""]","[""이준호"", ""김혜준"", ""김병철"", ""김향기"", ""강한나""]",[]
w2w,https://w2w.vn/phim/cau-chuyen-do-choi-2/,Câu Chuyện Đồ Chơi 2,1999,"Câu Chuyện Đồ Chơi 2 là cuộc phiêu lưu của Woody (Tom Hanks lồng tiếng) và Buzz Lightyear (Tim Allen) lại tiếp tục khi chủ nhân của chúng Andy (John Morris) đi tham dự trại hè và để mặc chúng ở nhà tự lo liệu. Woody không may bị một tay buôn bán đồ chơi đánh cắp. Buzz cùng các bạn đồ chơi bèn tìm cách giải cứu Woody. Mọi chuyện tưởng chừng thuận lợi nhưng trong khi bị giam giữ, Woody quen được Jessy - một tay ""cowgirl"". Thế là cả nhóm quyết định đưa luôn Jessy trở về nhà... sau khi trải qua bao khó khăn.","[""Hoạt hình"", ""Hài hước"", ""Gia đình""]","[""John Lasseter""]","[""Tom Hanks"", ""Tim Allen"", ""Joan Cusack"", ""Kelsey Grammer"", ""Don Rickles"", ""Jim Varney"", ""Wallace Shawn"", ""John Ratzenberger""]",[]
w2w,https://w2w.vn/phim/cau-chuyen-do-choi-3/,Câu Chuyện Đồ Chơi 3,2010,"Cậu bé Andy ngày nào nay đã trở thành người lớn sắp sửa phải bước vào ngưỡng cửa đại học. Đống đồ chơi của cậu, bao gồm cả Woody và Buzz Lightyear, bị đưa vào nhà kho. Và trước khi chúng bị tống lên gác mái, bố mẹ cậu vô tình ném chúng đi. Kết quả là một người dọn rác đã đem những món đồ chơi đó đến Sunnyside, một trung tâm vui chơi dành cho trẻ em, và khi tiếng hô “Đồ chơi mới!” được cất lên là lũ trẻ xông vào tranh giành nhau Ken, Barbie, ông Đầu khoai tây và Buzz Lightyear… Vừa cố gắng tồn tại ở trường tiểu học đáng sợ đó, những nhân vật đồ chơi của chúng ta vừa tìm cách quay trở lại ngôi nhà thân thương nơi có cậu chủ Andy vẫn đang chờ đợi chúng. Trải qua rất nhiều chuyến phiêu lưu, cuối cùng họ cũng được trở về nhà, một đoạn kết thực sự cảm động khiến mọi người không cầm được nước mắt trước tình cảm gắn bó của Andy và những món đồ chơi…","[""Hoạt hình"", ""Gia đình"", ""Hài hước""]","[""Lee Unkrich""]","[""Tom Hanks"", ""Tim Allen"", ""Joan Cusack"", ""Don Rickles"", ""Wallace Shawn"", ""John Ratzenberger"", ""Estelle Harris"", ""Blake Clark""]",[]
w2w,https://w2w.vn/phim/cau-chuyen-do-choi-4/,Câu Chuyện Đồ Chơi 4,2019,"Woody luôn tự tin vào vị trí của bản thân mình, và luôn cho rằng sứ mệnh của anh ấy là chăm sóc cho những đứa trẻ, cho dù đó là Andy hay Bonnie. Vậy nên khi đồ chơi mới của Bonnie, Forky khẳng định bản thân là đồ bỏ đi, Woody đã cố gắng cho Forky thấy rằng cậu ấy sinh ra để thuộc về thế giới đồ chơi. Nhưng khi những món đồ chơi tham gia chuyến đi dã ngoại của Bonnie và gia đình cô, Woody đã vô tình có cuộc gặp mặt với người bạn lâu năm mất tích Bo Peep. Sau nhiều năm sống một mình, Bo Peep tin rằng mình có thể có một cuộc sống phiêu lưu thú vị hơn là làm một món đồ chơi bằng sứ. Khi Woody và Bo Peep nhận ra họ là những món đồ chơi thuộc về hai thế giới khác nhau, họ đã sớm cảm nhận được những mối lo lắng của mình.","[""Gia đình"", ""Hài hước"", ""Hoạt hình"", ""Phiêu lưu""]","[""Josh Cooley""]","[""Tom Hanks"", ""Tim Allen"", ""Annie Potts"", ""Tony Hale"", ""Keegan-Michael Key"", ""Madeleine McGraw"", ""Christina Hendricks"", ""Jordan Peele""]",[]
w2w,https://w2w.vn/phim/cau-chuyen-ve-anh-hung-tham-hiem-bat-dau-tu-mot-ke-tam-thuong/,Câu Chuyện Về Anh Hùng Thám Hiểm Bắt Đầu Từ Một Kẻ Tầm Thường,2024,"Kaito Takagi, một cậu học sinh bình thường, nhờ vào một kỹ năng đặc biệt mà dần mạnh lên, vượt qua số phận “người mờ nhạt” để trở thành anh hùng thám hiểm nổi tiếng trong thế giới dungeon.","[""Hoạt hình"", ""Phiêu lưu"", ""Viễn tưởng""]","[""小林智樹""]","[""花澤香菜"", ""保住有哉"", ""和氣あず未"", ""相良茉優"", ""青山吉能"", ""北守さいか"", ""置鮎龍太郎"", ""宮咲あかり""]",[]
w2w,https://w2w.vn/phim/cay-co-thu-dieu-ky/,Cây Cổ Thụ Diệu Kỳ,2026,"Một gia đình hiện đại chuyển về vùng quê, nơi những đứa trẻ phát hiện một cái cây kỳ diệu với những cư dân lập dị. Qua những chuyến phiêu lưu đến các vùng đất kỳ ảo, cả gia đình dần gắn kết lại với nhau.","[""Phiêu lưu"", ""Gia đình"", ""Tưởng tượng""]","[""Ben Gregor""]","[""Billie Gadsdon"", ""Nicola Coughlan"", ""Delilah Bennett-Cardy"", ""Phoenix Laroche"", ""Nonso Anozie"", ""Andrew Garfield"", ""Rebecca Ferguson"", ""Claire Foy""]",[]
w2w,https://w2w.vn/phim/cha-se-tim-con/,Cha sẽ tìm con,2026,"Bị ngồi tù oan vì tội giết chính con trai mình, một người cha dấn thân vào sứ mệnh giải cứu tuyệt vọng sau khi biết tin cậu bé có thể vẫn còn sống.","[""Chính kịch"", ""Bí ẩn"", ""Tội phạm""]","[""Robert Hull""]","[""Sam Worthington"", ""Britt Lower"", ""Chi McBride"", ""Logan Browning"", ""Erin Richards"", ""Jonathan Tucker"", ""Milo Ventimiglia""]",[]
w2w,https://w2w.vn/phim/chang-barry-may-man/,Chàng Barry May Mắn,1975,"Thế kỉ 18, tại một ngôi làng nhỏ ở Ai Len, Redmond Barry, một cậu bé nông thôn đem lòng yêu người chị họ Nora Brady. Khi Nora chuẩn bị kết hôn với một đại úy người Anh tên John Quin, Barry đã thách đấu súng với John. Barry thắng và phải bỏ trốn tới Dublin nhưng lại bị cướp dọc đường. Không có sự lựa chọn nào, Barry phải gia nhập vào quân đội Anh và chiến đấu trong Cuộc chiến 7 năm với Pháp. Chuyến phiếu lưu định mệnh thay đổi cả cuộc đời của chàng trai Ailen bắt đầu từ đây...","[""Chính kịch"", ""Tình cảm"", ""Chiến tranh"", ""Lịch sử""]","[""Stanley Kubrick""]","[""Ryan O'Neal"", ""Marisa Berenson"", ""Patrick Magee"", ""Hardy Krüger"", ""Steven Berkoff"", ""Gay Hamilton"", ""Marie Kean"", ""Diana Körner""]",[]
w2w,https://w2w.vn/phim/chang-trai-nuot-chung-vu-tru/,Chàng trai nuốt chửng vũ trụ,2024,"Lớn lên ở vùng ngoại ô Brisbane những năm 1980, chàng trai trẻ nọ đối mặt với thực tế khắc nghiệt của cuộc sống và những mối nguy hiểm sắp xảy đến đang đe dọa gia đình cậu.","[""Chính kịch"", ""Tội phạm"", ""Bí ẩn""]","[""John Collee""]","[""Phoebe Tonkin"", ""Lee Tiger Halley""]",[]
w2w,https://w2w.vn/phim/chang-vo-cua-em/,Chàng Vợ Của Em,2018,"Từ trước tới nay, người Việt vốn quen với hình ảnh người phụ nữ lúi húi trong bếp, phục vụ cơm nước cho chồng con, còn người đàn ông thì ra ngoài xã hội làm việc, kiếm tiền. Song, mọi chuyện hoàn toàn khác đối với Mai (Phương Anh Đào). Xinh đẹp, mạnh mẽ, giàu có, nhưng đổi lại, cô gái luôn bận rộn trăm công nghìn việc tại công ty, hàng ngày phải đối đầu với “đám đàn ông ở công ty”. Mai bận đến nỗi không có thời gian chăm sóc chó cưng, nhà cửa thì bừa bộn, và bản thân không còn khái niệm “bữa cơm gia đình”. Người phụ nữ hiện đại, sành điệu ấy chẳng cần bất cứ đấng mày râu nào chu cấp kinh tế, nhưng lại khao khát một “chàng vợ” có thể thay mình tề gia nội trợ, làm hậu phương vững chắc cho cô thỏa chí tung hoành.","[""Hài hước"", ""Gia đình""]","[""Charlie Nguyễn""]","[""Phương Anh Đào"", ""Thái Hòa"", ""Thanh Trúc"", ""Hứa Vĩ Văn"", ""Trung Dũng"", ""Vân Trang""]",[]
w2w,https://w2w.vn/phim/chen-thanh-cua-eris/,Chén Thánh Của Eris,2026,"Giữa thế giới quý tộc đầy dối trá và tham vọng, gia tộc Grail là ngoại lệ hiếm hoi khi luôn tôn thờ sự thật và liêm chính, và Constance Grail cũng lớn lên với niềm tin ấy. Nhưng lý tưởng của cô sụp đổ khi bị vị hôn phu phản bội và vu oan, còn ""công lý"" thì hoàn toàn ngoảnh mặt làm ngơ. Trong khoảnh khắc tuyệt vọng, linh hồn của Scarlet Castiel - ác nữ khét tiếng từng bị xử tử - xuất hiện và nhập vào Constance để lật ngược tình thế. Scarlet bị kết tội ám sát công chúa mười năm trước, nhưng sự thật đằng sau đó là một âm mưu tinh vi nhằm hãm hại cô. Đổi lấy sự trợ giúp, Scarlet yêu cầu Constance cùng mình vạch trần sự thật và trả thù những kẻ đã đẩy cô vào cái chết oan nghiệt.","[""Hoạt hình"", ""Bí ẩn"", ""Viễn tưởng""]","[""-""]","[""市ノ瀬加那"", ""鈴代紗弓"", ""阿座上洋平"", ""市道真央"", ""内田真礼"", ""Hanae Natsuki"", ""福山潤""]",[]
w2w,https://w2w.vn/phim/chen-thanh-phieu-luu-ky/,Chén Thánh Phiêu Lưu Ký,1975,"Bộ phim hài lấy cảm hứng từ câu chuyện vua Arthur đi tìm các hiệp sĩ để cùng ngồi Bàn Tròn với mình tại Camelot. Ông tìm được nhiều hiệp sĩ như Hiệp sĩ Galahad Thuần Khiết, Hiệp sĩ Lancelot Dũng Cảm, Hiệp sĩ Bedevere Ít Nói, và Hiệp sĩ Robin Không-được-dũng-cảm-như-Hiệp-sĩ-Lancelot. Họ không cỡi ngựa nhưng giả bộ như đang cỡi ngựa và cho người hầu cầm hai cái muỗng dùa gõ vào nhau như tiếng ngựa. Qua vài cảnh châm biếm các sự kiện lịch sử (các phiên tòa xử phù thủy, dịch bệnh hoành hành, đói kém...) họ tới Camelot, nhưng cuối cùng lại quyết định không vào trong thành. Bất ngờ Đức Chúa trời xuất hiện ra lệnh cho họ đi tìm Cái Chén Thánh, và họ bắt đầu lên đường đi tìm.","[""Phiêu lưu"", ""Hài hước"", ""Tưởng tượng""]","[""Terry Jones"", ""Terry Gilliam""]","[""Graham Chapman"", ""John Cleese"", ""Eric Idle"", ""Terry Gilliam"", ""Terry Jones"", ""Michael Palin"", ""Connie Booth"", ""Carol Cleveland""]",[]
w2w,https://w2w.vn/phim/chi-chi-em-em-2/,Chị Chị Em Em 2,2023,"Dựa trên giai thoại mỹ nhân Ba Trà & Tư Nhị, Chị Chị Em Em 2 xoay quanh giai đoạn 2 đệ nhất mỹ nhân Ba Trà và Tư Nhị gặp gỡ nhau, từ đó tái hiện cuộc sống hoa lệ nhiều góc khuất tại Sài thành cách đây một thế kỷ...","[""Giật gân"", ""Chính kịch""]","[""Vũ Ngọc Đãng""]","[""Minh Hằng"", ""Ngọc Trinh"", ""Ngọc Nga"", ""Lê Giang"", ""Kim Phương""]",[]
w2w,https://w2w.vn/phim/chi-khi-nao-nguoi-chet-di/,Chỉ khi nào ngươi chết đi,2026,"Một cặp vợ chồng rối loạn chức năng đi đến căn nhà gỗ hẻo lánh để ""kết nối lại"", nhưng mỗi người đều có ý định bí mật giết người kia.","[""Hành động"", ""Hài hước"", ""Giật gân""]","[""Jorma Taccone""]","[""Samara Weaving"", ""Jason Segel"", ""Timothy Olyphant"", ""Juliette Lewis"", ""Keith Jardine"", ""Paul Guilfoyle"", ""Jake Curran"", ""Nikolai Kinski""]",[]
w2w,https://w2w.vn/phim/chi-ve-su-chuyen-dong-cua-dia-cau/,Chi: Về Sự Chuyển Động Của Địa Cầu,2024,"Sau khi nghe thuyết giảng dị giáo về Trái Đất và Mặt Trời, một thần đồng tìm kiếm công trình nghiên cứu bí mật của thầy mình trong khi trốn tránh Tòa thẩm tra.","[""Hoạt hình"", ""Chính kịch""]","[""-""]","[""-""]",[]
w2w,https://w2w.vn/phim/chiec-la-ban-vang/,Chiếc La Bàn Vàng,2007,"Cô bé mồ côi từ nhỏ Lyra đánh đổi cuộc sống vô tư trong khuôn viên Đại học Jordan của mình để có một cuộc phiêu lưu ở thế giới khác, nơi phương Bắc xa xôi.","[""Phiêu lưu"", ""Tưởng tượng""]","[""Chris Weitz""]","[""Dakota Blue Richards"", ""Nicole Kidman"", ""Daniel Craig"", ""Ben Walker"", ""Freddie Highmore"", ""Ian McKellen"", ""Eva Green"", ""Jim Carter""]",[]
w2w,https://w2w.vn/phim/chiec-long/,Chiếc lồng,2024,"Ôm mộng võ sĩ chuyên nghiệp, võ sĩ trẻ nọ chật vật thu hút sự chú ý cho đến khi một trận đấu bất ngờ mang đến cho anh cơ hội nổi tiếng và một đối thủ tàn bạo trong lồng sắt.","[""Phiêu lưu"", ""Chính kịch""]","[""Franck Gastambide"", ""Sylvain Caron""]","[""Melvin Boomer"", ""Franck Gastambide"", ""Edwige Ahonto"", ""Antoine Simony"", ""Yanisse Kebbab"", ""Bosh"", ""Camille de Sablet""]",[]
w2w,https://w2w.vn/phim/chiem-doat/,Chiếm Đoạt,2023,"Kể về người vợ của một gia đình thượng lưu thuê cô bảo mẫu “trong mơ” để chăm sóc con trai mình. Nhưng cô không ngờ rằng, phía sau sự trong sáng, tinh khiết kia, cô bảo mẫu luôn che giấu âm mưu nhằm phá hoại hạnh phúc gia đình và khiến cuộc sống của cô thay đổi mãi mãi.","[""Giật gân""]","[""Thắng Vũ""]","[""Miu Lê"", ""Lãnh Thanh"", ""Karik"", ""Phương Anh Đào"", ""Lương Thùy Linh""]",[]
w2w,https://w2w.vn/phim/chien-binh-xau-xi/,Chiến Binh Xấu Xí,2025,"Bị vu cáo phạm tội, Shigeru Yoshioka 34 tuổi mất tất cả mọi thứ—tự do, lòng tin vào phụ nữ và vị trí của mình trong xã hội. Sống như một người khép kín, anh phát hiện ra một màn hình trạng thái bí ẩn trên máy tính của mình, cho anh cơ hội tái sinh ở một thế giới khác. Để đổi lấy ngoại hình của mình, anh có được sức mạnh không thể tưởng tượng nổi, với các thông số lên tới 100 nghìn tỷ và hơn thế nữa. Giờ đây được tái sinh thành một ""Thần tuyệt đối"", Shigeru bắt đầu một cuộc sống mới trong một thế giới giả tưởng, nơi sức mạnh ngự trị tối cao.","[""Hoạt hình"", ""Hài hước"", ""Phiêu lưu"", ""Viễn tưởng""]","[""-""]","[""諏訪部順一"", ""稲垣好"", ""白石兼斗"", ""内田真礼""]",[]
w2w,https://w2w.vn/phim/chinh-phuc-cot-moc-cuoi-cung-k2-giua-mua-dong-the-last-first-winter-k2/,Chinh Phục Cột Mốc Cuối Cùng: K2 Giữa Mùa Đông - The Last First: Winter K2,2026,"Cuộc đua lịch sử để tiên phong lên đỉnh K2 vào mùa đông đã biến thành thảm kịch, phơi bày tham vọng, cái tôi và khát vọng vinh quang cũng có thể chết chóc như chính ngọn núi ấy.","[""Tài liệu""]","[""Amir Bar-Lev""]","[""John Snorri Sigurjónsson"", ""Muhammad Ali Sadpara"", ""ساجد سدپارہ""]",[]
w2w,https://w2w.vn/phim/cho-gia-tro-moi/,"Chó già, trò mới",2025,"Kẹt tiền, bác sĩ thú y Antón nhận việc tại cửa hàng thú cưng sang chảnh, chuyển từ điều trị cho gia súc ở nông trại sang bán đồ ăn vặt cao cấp cho những chú cún được cưng chiều.","[""Hài hước""]","[""Víctor García León""]","[""Luis Zahera"", ""Lucía Caraballo"", ""Carmen Ruiz"", ""Antonio 'Morris' Durán"", ""Nuno Gallego"", ""Darío Loureiro"", ""Adrián Viador"", ""Sergio Abelaira""]",[]
w2w,https://w2w.vn/phim/chong-nguoi-ta/,Chồng Người Ta,2020,"Chuyện phim Chồng người ta theo chân Cường (Trịnh Xuân Nhản) - một người đàn ông trung niên thành đạt đang sống cùng vợ là Trúc (Yaya Trương Nhi) và con trai Hải (Trần Ngọc Vàng). Song, anh luôn phải che giấu bí mật là mối tình đồng tính với Trung (Hữu Tài) cách đây 20 năm. Một ngày nọ, Thắng (Lý Bình) xuất hiện và tìm cách tiếp cận hai cha con Cường - Hải. Bằng một cách nào đó, gã nắm rõ toàn bộ câu chuyện quá khứ của người cha. Từ đây, Cường bắt đầu bộc lộ bản ngã và dần rơi vào cái bẫy mà tên thanh niên bí ẩn giăng ra.","[""Chính kịch""]","[""Nguyễn Hữu Tiến""]","[""Trịnh Xuân Nhản"", ""YaYa Trương Nhi"", ""Trần Ngọc Vàng"", ""Hữu Tài"", ""Lý Bình"", ""Thanh Trúc""]",[]
w2w,https://w2w.vn/phim/chu-chuot-dau-bep/,Chú Chuột Đầu Bếp,2007,"Remy là một chú chuột có lòng yêu thích ẩm thực và mong muốn được đến Paris để thực hiện ước mơ trở thành đầu bếp nổi tiếng. Tuy bị gia đình ngăn cản nhưng cuối cùng Remy cũng đặt chân được đến kinh đô ánh sáng và bắt đầu cuộc phiêu lưu của mình. Tại đây, Remy quen Linguini - cậu con trai của thần tượng đồng thời là bếp trưởng nổi tiếng của nhà hàng Gusteau. Remy và Linguini trở thành cặp bài trùng trong việc chế biến các món ăn mới lạ, đồng thời chứng mình quan niệm của Gusteau: ""Ai cũng có thể nấu ăn ngon"".","[""Hoạt hình"", ""Hài hước"", ""Gia đình"", ""Tưởng tượng""]","[""Brad Bird""]","[""Patton Oswalt"", ""Ian Holm"", ""Lou Romano"", ""Brian Dennehy"", ""Peter Sohn"", ""Peter O'Toole"", ""Brad Garrett"", ""Janeane Garofalo""]",[]
w2w,https://w2w.vn/phim/chua-te-cua-nhung-chiec-nhan-su-tro-lai-cua-nha-vua/,Chúa Tể Của Những Chiếc Nhẫn: Sự Trở Lại Của Nhà Vua,2003,"Sauron huy động toàn lực cho trận chiến khốc liệt cuối cùng, tấn công vào Gondor – vùng đất huyết mạch của loài người. Gondor dưới sự lãnh đạo của vị vua nhu nhược trở nên quá mong manh và nguy ngập. Đó chính là lúc những người anh hùng phát huy hết khả năng của mình. Cùng với sự hỗ trợ của các chiến binh Rohan, lực lượng những hồn ma bị nguyền rủa trong khe núi, Aragorn đã thống lĩnh những người Gondor chống lại Sauron, anh đã thực hiện sứ mệnh mà số phận giao phó cho mình, Aragorn sinh ra để trở thành Vua của Gondor, anh đã chứng minh điều đó. Cùng lúc đó, Frodo và Sam tiếp tục dấn sâu vào vùng đất ma quỷ đầy hiểm nguy để thực thi sứ mạng của mình, sứ mạng tiêu hủy Chiếc Nhẫn Quyền Lực. Có thể nói Sự Trở Lại Của Nhà Vua Phim là phần có nội dung hấp dẫn cùng những màn chiến đấu cực hay, cực kỳ hoành tráng.","[""Phiêu lưu"", ""Tưởng tượng"", ""Hành động""]","[""Peter Jackson""]","[""Elijah Wood"", ""Ian McKellen"", ""Viggo Mortensen"", ""Sean Astin"", ""Andy Serkis"", ""Dominic Monaghan"", ""Billy Boyd"", ""John Noble""]",[]
w2w,https://w2w.vn/phim/chua-te-godzilla-de-vuong-bat-tu-godzilla-king-of-the-monsters/,Chúa Tể Godzilla: Đế Vương Bất Tử,2019,"Sự xuất hiện của Godzilla trong quá khứ khiến con người phát hiện ra những sinh vật cổ đại Titan khổng lồ vẫn còn tồn tại trên Trái Đất. Sau trận chiến đánh bại kẻ thù, Godzilla mất tích vào lòng biển. Một ngày kia, Rồng ba đầu Ghidorah trỗi dậy kéo theo sự thức tỉnh của hàng trăm quái vật khổng lồ. Tất cả những gì chúng muốn là tranh giành quyền lực tối cao, thống lĩnh thế giới. Trong trận đại chiến hủy diệt chưa từng có trong lịch sử này, liệu ""Chúa tể của muôn loài"" Godzilla sẽ trở lại và là “đấng cứu thế” của nhân loại trước hiểm họa diệt vong ?","[""Hành động"", ""Viễn tưởng""]","[""Michael Dougherty""]","[""Kyle Chandler"", ""Vera Farmiga"", ""Millie Bobby Brown"", ""Watanabe Ken"", ""Chương Tử Di"", ""Bradley Whitford"", ""Sally Hawkins"", ""Charles Dance""]",[]
w2w,https://w2w.vn/phim/chuc-may-man-leo-grande/,"Chúc May Mắn, Leo Grande",2022,"Nancy Stokes là một góa phụ đã nghỉ hưu , tìm kiếm sự lãng mạn và hứng khởi sau một cuộc hôn nhân tẻ nhạt. Cô thuê một nhân viên tình dục trẻ đẹp tên là Leo Grande, với hy vọng được tận hưởng một đêm khoái lạc và khám phá bản thân.","[""Tình cảm"", ""Chính kịch""]","[""Sophie Hyde""]","[""Emma Thompson"", ""Daryl McCormack"", ""Isabella Laughland"", ""Les Mabaleka"", ""Lennie Beare"", ""Carina Lopes"", ""Charlotte Ware""]",[]
w2w,https://w2w.vn/phim/chuyen-chua-ke-ve-khung-long/,Chuyện chưa kể về khủng long,2026,"Từ những loài khủng long đầu tiên đến cuối cùng, loạt phim sử thi này sẽ khám phá 165 triệu năm tồn tại và những thế lực đã thúc đẩy quá trình tiến hóa của chúng.","[""Tài liệu"", ""Hoạt hình""]","[""-""]","[""Morgan Freeman""]",[]
w2w,https://w2w.vn/phim/chuyen-dai-tom-ngan/,Chuyện dài tóm ngắn,2025,"Đến từ nhà sáng tạo của ""BoJack Horseman"", loạt phim hoạt hình hài này kể về một gia đình theo thời gian, theo chân các anh chị em từ thời thơ ấu đến khi trưởng thành và ngược lại.","[""Hài hước"", ""Hoạt hình""]","[""Raphael Bob-Waksberg""]","[""Lisa Edelstein"", ""Paul Reiser"", ""Ben Feldman"", ""Abbi Jacobson"", ""Max Greenfield"", ""Angelique Cabral"", ""Nicole Byer""]",[]
w2w,https://w2w.vn/phim/chuyen-hang-phim-the-studio/,Chuyện Hãng Phim - The Studio,2025,"Seth Rogen vào vai quản lý mới được bổ nhiệm của một hãng phim. Mong muốn được sự công nhận từ các ngôi sao, anh cùng đội ngũ điều hành tại Hãng Continental phải cân bằng giữa yêu cầu từ phía công ty và tham vọng sáng tạo khi họ cố duy trì hoạt động làm phim và theo kịp xu hướng.","[""Hài hước"", ""Chính kịch""]","[""Peter Huyck"", ""Alex Gregory"", ""Seth Rogen"", ""Frida Perez"", ""Evan Goldberg""]","[""Seth Rogen"", ""Catherine O'Hara"", ""Ike Barinholtz"", ""Chase Sui Wonders"", ""Kathryn Hahn""]",[]
w2w,https://w2w.vn/phim/chuyen-sinh-thanh-quy-toc-voi-ki-nang-tham-dinh/,Chuyển Sinh Thành Quý Tộc Với Kĩ Năng Thẩm Định,2024,"Series phim kể về cuộc sống sau khi tái sinh từ một người làm công ăn lương bình thường thành Ars Louvent, 'con trai của một quý tộc'. Mặc dù không có tài về phép thuật hay kiếm thuật nhưng anh ấy có một kỹ năng mà không ai có: Thẩm định. Sử dụng khả năng này, Ars có thể xác định sức mạnh hiện tại của một người, tiềm năng của họ và tài năng của họ nằm ở đâu. Với mong muốn xây dựng một lãnh thổ hưng thịnh, Ars bắt đầu tìm kiếm những cộng sự tài năng. Một người nước ngoài bị đàn áp với thanh kiếm vô song, một nô lệ với tài năng ma thuật vô danh và một cậu bé nhút nhát với niềm khao khát kiến ​​thức không thể nguôi - những tài năng này hỗ trợ Ars rất nhiều trong công cuộc tạo ra lãnh thổ hùng mạnh nhất.","[""Hoạt hình"", ""Viễn tưởng""]","[""-""]","[""藤原夏海"", ""坂泰斗"", ""佳穂成美"", ""岡咲美保"", ""花澤香菜"", ""東地宏樹"", ""生天目仁美"", ""戸松遥""]",[]
w2w,https://w2w.vn/phim/clevatess/,Clevatess,2025,"Một nhóm anh hùng lên đường tiêu diệt Cleavatess, vua của các loài thú. Nhưng họ vấp phải một âm mưu hủy diệt thế giới và phải nhờ Cleavatess giúp đỡ.","[""Hoạt hình"", ""Phiêu lưu"", ""Viễn tưởng""]","[""-""]","[""白石晴香"", ""田村睦心"", ""Nakamura Yuichi"", ""会沢紗弥""]",[]
w2w,https://w2w.vn/phim/co-di-ma-lay-chong-toi/,Cô Đi Mà Lấy Chồng Tôi,2024,"Khi Ji-won, một bệnh nhân ung thư 37 tuổi, bước vào gặp chồng và cũng là bạn thân của cô, cô nhận ra cả cuộc đời mình chỉ là một lời nói dối. Tệ hơn nữa, cô lại chết một cách bi thảm dưới tay chồng mình. Liệu mọi chuyện có khác đi nếu cô ấy đưa ra những lựa chọn khác? May mắn thay cho Ji-won, cô có cơ hội viết lại số phận của mình khi được tái sinh thành bản thân lúc trẻ. Lần này, cô thề sẽ sống một cuộc sống hạnh phúc. Nhưng trước hết là sự trả thù. Kế hoạch của cô ấy? Để gả người bạn thân cũ của mình cho người chồng dối trá, lừa dối của mình.","[""Chính kịch"", ""Viễn tưởng"", ""Hài hước""]","[""신유담"", ""박원국""]","[""박민영"", ""나인우"", ""이이경"", ""송하윤"", ""이기광"", ""공민정"", ""보아"", ""최규리""]",[]
w2w,https://w2w.vn/phim/co-gai-bi-nhot-duoi-ham/,Cô Gái Bị Nhốt Dưới Hầm,2021,"Sara là một cô gái tuổi teen đang mong chờ sinh nhật lần thứ 18 của mình để tránh xa người cha kiểm soát Don. Nhưng trước khi cô có thể thổi nến, Don giam cầm cô trong tầng hầm của nhà họ.","[""Giật gân"", ""Tội phạm"", ""Truyền hình""]","[""Elisabeth Röhm""]","[""Judd Nelson"", ""Stefanie Scott"", ""Joely Fisher"", ""Braxton Bjerken"", ""Kim Rosen"", ""Emily Topper"", ""Emma Myers"", ""Jake Nuttall""]",[]
w2w,https://w2w.vn/phim/co-gai-den-tu-hu-vo-tai-khoi-dong/,Cô Gái Đến Từ Hư Vô: Tái Khởi Động,2026,"Tham lam. Dối trá. Báo ứng. Nanno trở lại – tự mình phán xét và trừng trị trong một vũ trụ mới, nơi kẻ có tội không chỉ bị phạt mà còn phải trả giá xứng đáng.","[""Chính kịch"", ""Bí ẩn""]","[""-""]","[""เบ็คกี้ อาร์มสตรอง""]",[]
w2w,https://w2w.vn/phim/co-gai-hang-xom/,Cô Gái Hàng Xóm,2007,"Dựa trên một câu chuyện có thật từng gây phẫn nộ trong dư luận, bộ phim tái hiện lại những ám ảnh kinh hoàng của một cô gái 16 tuổi đã bị bắt nhốt và tra tấn dã man dưới tầng hầm. Trong thực tế, vào năm 1965, Sylvia Likens đã bị tra tấn bởi Gertrude Baniszewski cùng con của bà và những người hàng xóm xung quanh nhà Gertrude. Những người công tố của tòa án đã ví câu chuyện của Likens là một tội ác khủng khiếp nhất từng xảy ra tại Indiana. Lúc này Sylvia Likens chỉ mới 16 tuổi.","[""Giật gân"", ""Tội phạm"", ""Chính kịch"", ""Kinh dị""]","[""Gregory Wilson""]","[""Blythe Auffarth"", ""Daniel Manche"", ""Michael Zegen"", ""Catherine Mary Stewart"", ""Grant Show"", ""Graham Patrick Martin"", ""William Atherton"", ""Blanche Baker""]",[]
w2w,https://w2w.vn/phim/co-hau-gai/,Cô Hầu Gái,2025,"Năm 2007, các nhà làm phim Việt Nam đã có một bước đi khá táo bạo khi hợp tác cùng điện ảnh Hàn Quốc trong một bộ phim kinh dị được đầu tư rất công phu mang tên “Mười”, sự thành công của Muoi chính là chất xúc tác quan trọng để những sản phẩm hợp tác tiếp theo được ra đời, trong đó mới đây nhất chính là Cô Hầu Gái của đạo diễn Derek Nguyen. Ra mắt vào năm 2016, có một điểm khá thú vị khi tên của phim trùng với tên của một sản phẩm điện ảnh của điện ảnh Hàn cũng phát hành trong năm 2016, một “siêu phẩm” 18+ của đạo diễn Chan-wook Park với vai nữ chính được đảm nhiệm bởi Min-hee Kim, chính vì vậy mà để phân biệt, chúng ta sẽ gọi The Housemaid là Cô Hầu Gái (bản Việt Nam).","[""Bí ẩn"", ""Giật gân""]","[""Paul Feig""]","[""Sydney Sweeney"", ""Amanda Seyfried"", ""Brandon Sklenar"", ""Michele Morrone"", ""Indiana Elle"", ""Elizabeth Perkins"", ""Amanda Joy Erickson"", ""Sarah Cooper""]",[]
w2w,https://w2w.vn/phim/co-meo-nghien-thuoc-la/,Cô mèo nghiện thuốc lá,2026,"Cô gái mèo Yani chật vật trả tiền thuê nhà, giữ việc làm và thỏa mãn cơn nghiện thuốc lá. Khi người thân ngày càng lo lắng, cô buộc phải suy nghĩ lại về tương lai của mình.","[""Hoạt hình"", ""Hài hước"", ""Viễn tưởng""]","[""-""]","[""夏吉ゆうこ"", ""松岡美里"", ""船戸ゆり絵"", ""清水彩香"", ""井澤詩織"", ""明智璃子"", ""稲田徹"", ""本泉莉奈""]",[]
w2w,https://w2w.vn/phim/con-bao/,Con báo,2025,"Giữa bối cảnh thống nhất nước Ý những năm 1860, một hoàng tử người Sicily vật lộn trước sự xung đột giữa đặc quyền lâu đời của gia tộc và những thay đổi mang tính cách mạng.","[""Chính kịch""]","[""Richard Warlow""]","[""Kim Rossi Stuart"", ""Benedetta Porcaroli"", ""Saul Nanni"", ""Paolo Calabresi"", ""Astrid Meloni"", ""Francesco Colella"", ""Greta Esposito"", ""Deva Cassel""]",[]
w2w,https://w2w.vn/phim/con-duong-oan-nghiet/,Con Đường Oan Nghiệt,2025,"Trong một đêm u ám, chiếc điện thoại reo lên, xé tan sự yên tĩnh. Ở đầu dây bên kia là giọng run rẩy của cô con gái: một tai nạn đã xảy ra, và bi kịch không thể đảo ngược. Từ khoảnh khắc đó, cha mẹ cô bị cuốn vào cuộc chạy đua nghẹt thở với thời gian, nơi từng giây phút đều chất chứa nỗi sợ hãi, tuyệt vọng và cả tình thương vô điều kiện.","[""Bí ẩn"", ""Giật gân"", ""Kinh dị""]","[""Babak Anvari""]","[""Rosamund Pike"", ""Matthew Rhys"", ""Megan McDonnell"", ""Tadhg Murphy"", ""Stephen Jones"", ""Paul Tylak""]",[]
w2w,https://w2w.vn/phim/con-ga-trom-trung/,Con gà trộm trứng,2026,Cô gái đuổi bắt một con gà trông giống mình.,"[""Chính kịch""]","[""Hoàng Thành Đồng"", ""Nguyễn Thu Hương""]","[""Cao Minh Ánh"", ""Narl Nguyen"", ""Rose"", ""Cody""]",[]
w2w,https://w2w.vn/phim/con-thu-trong-toi/,Con thú trong tôi,2025,Một tác giả nổi tiếng bị cuốn vào trò đấu trí hiểm độc với người hàng xóm giàu có và quyền lực mới chuyển đến – kẻ có thể là một sát nhân.,"[""Chính kịch"", ""Bí ẩn""]","[""Gabe Rotter""]","[""Claire Danes"", ""Matthew Rhys"", ""Brittany Snow"", ""Natalie Morales""]",[]
w2w,https://w2w.vn/phim/con-tin/,Con tin,2025,"Khi phu quân của Thủ tướng Anh bị bắt cóc và Tổng thống Pháp bắt đầu nhận được những lời đe dọa, cả hai nhà lãnh đạo buộc phải đối mặt với một lựa chọn không tưởng.","[""Chính kịch"", ""Chiến tranh""]","[""Matt Charman""]","[""Suranne Jones"", ""Julie Delpy"", ""Corey Mylchreest"", ""Ashley Thomas"", ""Martin McCann"", ""Isobel Akuwudike"", ""Hiftu Quasem"", ""Sophie Robertson""]",[]
w2w,https://w2w.vn/phim/conan-movie-du-anh-cua-doc-nhan/,Thám Tử Lừng Danh Conan: Dư Ảnh Của Độc Nhãn,2025,"Thám Tử Lừng Danh Conan 28: Dư Ảnh Của Độc Nhãn – Trên những ngọn núi tuyết của Nagano, một vụ án bí ẩn đã đưa Conan và các thám tử quay trở lại quá khứ. Thanh tra Yamato Kansuke - người đã bị thương nặng trong một trận tuyết lở nhiều năm trước - bất ngờ phải đối mặt với những ký ức đau thương của mình trong khi điều tra một vụ tấn công tại Đài quan sát Nobeyama. Cùng lúc đó, Mori Kogoro nhận được một cuộc gọi từ một đồng nghiệp cũ, tiết lộ mối liên hệ đáng ngờ giữa anh ta và vụ án đã bị lãng quên từ lâu. Sự xuất hiện của Morofushi Takaaki, cùng với những nhân vật chủ chốt như Amuro Tooru, Kazami và cảnh sát Tokyo, càng làm phức tạp thêm cuộc điều tra. Khi quá khứ và hiện tại đan xen, một bí ẩn rùng rợn dần dần được hé lộ - và ký ức của Kansuke nắm giữ chìa khóa cho mọi thứ.","[""Hành động"", ""Hoạt hình"", ""Tội phạm"", ""Bí ẩn""]","[""重原克也""]","[""高山みなみ"", ""山口勝平"", ""山崎和佳奈"", ""小山力也"", ""高田裕司"", ""小清水亜美"", ""速水奨"", ""林原めぐみ""]",[]
w2w,https://w2w.vn/phim/cong-tu-bac-lieu/,Công Tử Bạc Liêu,2024,"Lấy bối cảnh thập niên 1930, bộ phim là câu chuyện kể về một nhân vật ăn chơi bậc nhất Nam Kỳ lục tỉnh thời bấy giờ, Công tử Bạc Liêu Trần Đắc Hơn, với những giai thoại nổi tiếng như đốt tiền nấu chè, đấu xảo sắc đẹp, v.v... Dù là một người có tư tưởng cấp tiến Tây học, luôn thích phá cách và làm trái ngược lại những truyền thống mà cậu cho là cổ hủ của cha mình, nhưng vì đã sớm hiểu được bản thân có cuộc sống sung túc từ bé nên cậu chỉ biết hưởng thụ mà chưa bao giờ nghĩ đến chuyện sẽ tạo dựng sự nghiệp cho bản thân, kể cả tiếp nối sự nghiệp của gia đình. Song, vô tình những cuộc chơi của cậu lại tạo nên tiếng vang và những lợi ích lớn cho cộng đồng người Việt lẫn gia đình nằm ngoài mong đợi.","[""Gia đình"", ""Hài hước""]","[""Lý Minh Thắng""]","[""Song Luân"", ""Kaity Nguyễn"", ""Thành Lộc"", ""Hữu Châu"", ""Thanh Thủy"", ""Công Dương"", ""Đoàn Thiên Ân"", ""Chí Tâm""]",[]
w2w,https://w2w.vn/phim/cong-ty-quai-vat/,Công Ty Quái Vật,2001,"Bộ phim nói về một ngôi làng chỉ toàn là Monsters sinh sống. Và trong ngôi làng đó có một xưởng sản xuất mang tên gọi là Monster, Inc. là một xưởng sản xuất điện cho cả thành phố. Còn điện thì đến từ... ""tiếng thét"" của các em bé bị các Monsters nhát ma. Và trong số những anh chàng Monsters thuộc hàng sao của hãng , chuyên thu thập nhiều điện nhất là Sulley và anh chàng một mắt bé xíu, một trợ lý đắc lực Mike... Thành phố này có cuộc sống bình thường cho đến một ngày... hai chàng gặp đối thủ của mình.... Và từ những tranh chấp đó, một cô bé con đã tình cờ lạc vào xứ sở Monster, gây nên nỗi kinh hoàng cho tất cả mọi người. Nhưng điều lý thú là cô bé này lại lạc vào tay anh chàng Monster nổi tiếng dữ dằn nhất...","[""Hoạt hình"", ""Hài hước"", ""Gia đình"", ""Tưởng tượng""]","[""Pete Docter""]","[""John Goodman"", ""Billy Crystal"", ""Mary Gibbs"", ""Steve Buscemi"", ""James Coburn"", ""Jennifer Tilly"", ""Bob Peterson"", ""John Ratzenberger""]",[]
w2w,https://w2w.vn/phim/cong-ty-san-xuat-ghe/,Công Ty Sản Xuất Ghế,2025,"Sau sự cố đáng xấu hổ, William Ronald Trosper bị cuốn vào âm mưu lớn. Anh phải vận dụng mọi khả năng để vượt qua tình cảnh dở khóc dở cười này.","[""Hài hước"", ""Chính kịch"", ""Bí ẩn""]","[""Tim Robinson"", ""Zach Kanin""]","[""Tim Robinson"", ""Lake Bell"", ""Sophia Lillis"", ""Will Price"", ""Joseph Tudisco""]",[]
w2w,https://w2w.vn/phim/cu-ke-chien-ky/,Cự Kê Chiến Ký,2026,"Keiji không chỉ là một chú gà trống bình thường—cậu ấy là người bảo vệ vĩ đại nhất của nhân loại! Đối thủ của cậu ấy có thể cao đến mười tầng lầu, nhưng không gì lớn hơn trái tim dũng cảm và tiếng kêu chiến đấu đáng sợ của cậu ấy—Kokekokko!","[""Hoạt hình"", ""Phiêu lưu"", ""Viễn tưởng""]","[""-""]","[""三宅健太"", ""本多真梨子"", ""遠野ひかる""]",[]
w2w,https://w2w.vn/phim/cua-hang-anh-sang/,Cửa Hàng Ánh Sáng,2024,"Trong một cửa hàng bán đèn bí ẩn, người chết có thể trở về thế giới người sống, trong khi người sống có thể không ra về an toàn.","[""Bí ẩn"", ""Chính kịch""]","[""강풀"", ""김희원""]","[""주지훈"", ""Park Bo-young"", ""엄태구"", ""김설현"", ""Lee Jung-eun"", ""배성우"", ""김민하"", ""박혁권""]",[]
w2w,https://w2w.vn/phim/cua-hang-sat-thu/,Cửa Hàng Sát Thủ,2024,"Khi Jung Ji-An (Kim Hye Jun) còn nhỏ, mẹ cô bị cha cô s.á.t h.ạ.i sau đó t.ự s.á.t. Chú của ấy là Jung Jin Man (Lee Dong Wook) đã nuôi dậy cô bé kể từ đó. Cô bé không hề biết rằng chú mình đã bí mật điều hành một trung tâm mua sắm bí ẩn. Jung Ji An sau khi đăng ký vào một trường đại học thì đã rời khỏi nhà của chú và bắt đầu sống một mình. Một ngày nọ, Jung Ji An nghe tin chú của cô đột ngột qua đời. Cô trở về nhà của chú mình và biết được bí mật mà chú cô ấy đã chôn giấu bấy lâu nay. Bị bao quanh bởi những mối nguy hiểm do công việc của chú, liệu cô ấy có lựa chọn tiếp tục làm hay không?","[""Chính kịch"", ""Phiêu lưu"", ""Bí ẩn""]","[""이언희"", ""Lee Kwon""]","[""이동욱"", ""김혜준"", ""금해나"", ""Min Kim"", ""이태영"", ""조한선"", ""박지빈"", ""서현우""]",[]
w2w,https://w2w.vn/phim/cuc-vang-cua-ngoai/,Cục Vàng Của Ngoại,2025,"Lấy cảm hứng từ những ký ức tuổi thơ ngọt ngào, “Cục Vàng Của Ngoại” kể câu chuyện ấm áp về tình bà cháu trong một xóm nhỏ đầy nghĩa tình. Bà Hậu – người phụ nữ cả đời tần tảo – trở thành chỗ dựa duy nhất của cháu ngoại khi con gái bỏ đi. Dẫu cuộc sống còn nhiều nhọc nhằn, tình thương bà dành cho cháu vẫn trọn vẹn, đưa khán giả trở về những khoảnh khắc đời thường: nụ cười hồn nhiên của trẻ, vòng tay chở che của bà, và sự đùm bọc của hàng xóm. Một bức tranh tuổi thơ bình yên, ấm áp và chan chứa tình người.","[""Gia đình"", ""Chính kịch""]","[""Khương Ngọc""]","[""Hồng Đào"", ""Hữu Châu"", ""Việt Hương"", ""Lê Khánh"", ""Băng Di"", ""Gia Yến"", ""Lâm Thanh Mỹ"", ""Thư Đan""]",[]
w2w,https://w2w.vn/phim/cung-duong-ve-nha-long-way-home/,Cung Đường Về Nhà - Long Way Home,2025,"Đôi bạn thân Ewan McGregor và Charley Boorman chuẩn bị cho hành trình thứ tư trong loạt phim Cung Đường — lần này từ quê nhà của Ewan ở Scotland đến nhà của Charley ở Anh. Tất nhiên, họ sẽ chọn cung đường đẹp nhất, đi qua 17 quốc gia châu Âu trên chiếc mô tô cũ khó chiều.","[""Tài liệu""]","[""David Alexanian"", ""Charley Boorman"", ""Russ Malkin"", ""Ewan McGregor""]","[""Ewan McGregor"", ""Charley Boorman""]",[]
w2w,https://w2w.vn/phim/cuoc-chien-sinh-tu-ii/,Cuộc Chiến Sinh Tử II,2026,"Những chiến binh được yêu thích nhất — nay có thêm sự góp mặt của Johnny Cage — buộc phải đối đầu lẫn nhau trong trận chiến tối thượng đẫm máu và không khoan nhượng. Mục tiêu: đánh bại sự thống trị tàn bạo của Shao Kahn, kẻ đang đe dọa sự tồn vong của Địa Giới và tất cả những ai đứng lên bảo vệ nó.","[""Hành động"", ""Tưởng tượng"", ""Phiêu lưu""]","[""Simon McQuoid""]","[""Karl Urban"", ""Adeline Rudolph"", ""Jessica McNamee"", ""Josh Lawson"", ""Martyn Ford"", ""Ludi Lin"", ""Mehcad Brooks"", ""Tati Gabrielle""]",[]
w2w,https://w2w.vn/phim/cuoc-chien-voi-be-bi/,Cuộc chiến với bé bi,2025,"Giáng sinh đến gần, ông bố hậu đậu nọ phải xoay xở giữa việc trông coi căn hộ áp mái xa hoa ở London và xử lý một rắc rối bất ngờ: chăm một em bé bị lạc.","[""Hài hước"", ""Gia đình""]","[""Rowan Atkinson"", ""William Davies""]","[""Rowan Atkinson""]",[]
w2w,https://w2w.vn/phim/cuoc-do-bo-bi-an/,Cuộc Đổ Bộ Bí Ẩn,2016,"Khi một phi thuyền bí ẩn đáp xuống trái đất, một biệt đội tinh anh dưới sự dẫn dắt của chuyên gia ngôn ngữ học kiệt xuất Louise Banks được đưa đến để điều tra. Louise và các đồng đội phải chạy đua với thời gian để tìm câu trả lời cho nhiều bí ẩn. Để rồi, trong quá trình tìm kiếm, cô phát hiện những điều có thể đe dọa cuộc sống của cô và sự tồn tại của cả nhân loại.","[""Chính kịch"", ""Viễn tưởng"", ""Bí ẩn""]","[""Denis Villeneuve""]","[""Amy Adams"", ""Jeremy Renner"", ""Forest Whitaker"", ""Michael Stuhlbarg"", ""Mark O'Brien"", ""Mã Thái"", ""Abigail Pniowsky"", ""Julia Scarlett Dan""]",[]
w2w,https://w2w.vn/phim/cuoc-doi-phi-thuong-cua-chu-cho-enzo/,Cuộc Đời Phi Thường Của Chú Chó Enzo,2019,"Dựa trên tiểu thuyết ăn khách của Garth Stein, bộ phim đặt chúng ta vào góc nhìn và lời kể của chú chó Golden Retriever tên Enzo khi sống cùng gia đình của Denny Swift với người vợ xinh đẹp Eve và con gái Zoe. Sống cùng một tay đua thể thức một dày dạn kinh nghiệm như Denny khiến Enzo cũng yêu thích môn thể thao tốc độ này và chiếc tay lái của chiếc xe đua thể thực một cũng bẻ hướng cuộc đời của Enzo theo một cách phi thường nhất - Khám phá cuộc sống muôn màu của ""Sen"" qua cái nhìn của ""Boss"".","[""Chính kịch"", ""Tình cảm""]","[""Simon Curtis""]","[""Kevin Costner"", ""Milo Ventimiglia"", ""Amanda Seyfried"", ""Ryan Kiera Armstrong"", ""Lily Dodsworth-Evans"", ""Ian Lake"", ""Martin Donovan"", ""Kathy Baker""]",[]
w2w,https://w2w.vn/phim/cuoc-gap-dinh-menh/,Cuộc Gặp Định Mệnh,2019,Cô gái trẻ yêu một chàng trai có bí mật đen tối và hai người bắt đầu mối quan hệ sắt đá. Bộ phim dựa trên cuốn tiểu thuyết của Anna Todd.,"[""Chính kịch"", ""Tình cảm""]","[""Jenny Gage""]","[""Josephine Langford"", ""Hero Fiennes Tiffin"", ""Shane Paul McGhie"", ""Khadijha Red Thunder"", ""Dylan Arnold"", ""Samuel Larsen"", ""Inanna Sarkis"", ""Selma Blair""]",[]
w2w,https://w2w.vn/phim/cuoc-hien-te-bang-mau/,Cuộc hiến tế bằng máu,2026,"Sau vụ sát hại dã man hai cảnh sát, một thanh tra ngoan cường bất đắc dĩ hợp tác cùng người cha cựu cảnh sát đã xa cách bấy lâu để truy lùng hung thủ.","[""Chính kịch"", ""Tội phạm"", ""Bí ẩn""]","[""George Kay"", ""Kristoffer Nyholm""]","[""Jakob Oftebro"", ""Peter Andersson"", ""Electra Hallman"", ""Alexander Abdallah"", ""Henrik Norlén"", ""Lisette Pagler"", ""Magnus Krepper"", ""Irina Björklund""]",[]
w2w,https://w2w.vn/phim/cuoc-phieu-luu-bien-hoa/,Cuộc phiêu lưu biến hóa,2026,"Một sinh vật nhỏ bé trong rừng và một chú chim oai vệ bất ngờ hoán đổi thân xác, buộc chúng phải hợp sức để sống sót trong chuyến phiêu lưu náo loạn nhất đời mình.","[""Phiêu lưu"", ""Hoạt hình"", ""Gia đình"", ""Tưởng tượng""]","[""Nathan Greno""]","[""Michael B. Jordan"", ""Juno Temple"", ""Tracy Morgan"", ""Cedric the Entertainer"", ""Justina Machado"", ""Nate Torrence"", ""Camden Brooks"", ""Táta Vega""]",[]
w2w,https://w2w.vn/phim/cuoc-phieu-luu-den-madagascar/,Cuộc Phiêu Lưu Đến Madagascar,2005,"Tại sở thú trung tâm New York, một con sư tử, con ngựa vằn, một hươu cao cổ và một con hà mã kết bạn với nhau và chúng cũng là ""sao"" của các sô diễn. Rồi đến khi một con thú bị biến mất trong chuồng, thì ba con khác cũng thoát ra để tìm con thú bị lạc đã đi theo chiếc thuyền đến tận một hòn đảo của Madagascar - Châu Phi. Chiếc tàu bị lật ngoài biển, tất cả các con thú bị giam cầm đã nếm trải thế nào là môi trường hoang dã…","[""Phiêu lưu"", ""Hoạt hình"", ""Hài hước"", ""Gia đình""]","[""Eric Darnell"", ""Tom McGrath""]","[""Ben Stiller"", ""Chris Rock"", ""David Schwimmer"", ""Jada Pinkett Smith"", ""Sacha Baron Cohen"", ""Cedric the Entertainer"", ""Andy Richter"", ""Tom McGrath""]",[]
w2w,https://w2w.vn/phim/cuoc-san-duoi-the-hunt/,Cuộc Săn Đuổi - The Hunt,2026,"Sau một chuyến đi săn, một nhóm bạn đã thề sẽ giữ bí mật sau khi có một cuộc đụng độ gây chết người với một nhóm thợ săn khác. Nhưng khi bất an xâm chiếm và một băng nhóm tàn bạo muốn trả thù, nhóm bạn phải đối diện với lương tri, gia đình và bản năng hoang dã của mình.","[""Chính kịch"", ""Bí ẩn""]","[""Cédric Anger""]","[""Benoît Magimel"", ""Mélanie Laurent"", ""Damien Bonnard"", ""Manuel Guillot"", ""Cédric Appietto"", ""Frédéric Maranber"", ""Angelyna Danabe Mignot"", ""Paul Beaurepaire""]",[]
w2w,https://w2w.vn/phim/cuoc-tan-cong-tu-sao-hoa/,Cuộc Tấn Công Từ Sao Hỏa,1996,"Từ truyện tranh thiếu nhi thập niên 50, câu chuyện người sao Hỏa tấn công địa cầu này đã được đạo diễn Tim Burton dựng lại với dàn ngôi sao lớn của Hollywood mà đứng đầu là Jack Nicholson. Ông đóng hai vai Tổng thống Mỹ và tay chơi bạc ở Las Vegas phải đứng ra đối phó với giống sinh vật hình thù quái dị nhưng có vũ khí vô cùng lợi hại với chủ tâm tiêu diệt Trái đất. Bất ngờ thay, giữa lúc người Trái Đất vô vọng trong cuộc kháng cự thì một lọai nhạc của một bà cụ già thường nghe lại bất ngờ trờ thành vũ khí tiêu diệt nhanh chóng sinh vật từ sao Hỏa này.","[""Hài hước"", ""Tưởng tượng"", ""Viễn tưởng""]","[""Tim Burton""]","[""Jack Nicholson"", ""Glenn Close"", ""Annette Bening"", ""Pierce Brosnan"", ""Danny DeVito"", ""Martin Short"", ""Sarah Jessica Parker"", ""Michael J. Fox""]",[]
w2w,https://w2w.vn/phim/cuon-troi/,Cuốn Trôi,2002,"Người phụ nữ giàu có và kiêu ngạo đã gặp quả báo khi bị mắc kẹt trên hoang đảo cùng một thủy thủ khỏe mạnh và can đảm, người đã lật ngược toàn bộ tình thế.","[""Hài hước"", ""Tình cảm""]","[""Guy Ritchie""]","[""Madonna"", ""Adriano Giannini"", ""Bruce Greenwood"", ""Jeanne Tripplehorn"", ""Elizabeth Banks"", ""Michael Beattie"", ""David Thornton"", ""Yorgo Voyagis""]",[]
w2w,https://w2w.vn/phim/cuong-no/,Cuồng Nộ,2014,"Fury được đặt bối cảnh vào năm 1945, khi Thế Chiến đệ nhị đang đi vào giai đoạn cuối và lực lượng Đồng Minh đang dồn tổng lực tấn công phe Phát xít Đức. Tại chiến trường Tây Đức, một tiểu đội do trung sĩ Don với biệt danh “Wardaddy” chỉ huy có nhiệm vụ điều khiển chiếc xe tăng “Fury” cùng những chiếc xe tăng khác thọc sâu vào phòng tuyến của quân Đức để hỗ trợ lực lượng bộ binh. Khi chuẩn bị thực hiện một chiến dịch mới thì họ mất đi đồng đội, người thay thế lại là một tân binh chưa hề nếm mùi chiến trường, Norman (Lorgan Lerman).Anh chàng được đào tạo để làm người truyền tin, vốn chỉ quen đánh máy và chưa bao giờ bước vào bên trong một chiếc xe tăng giờ đây được đưa vào giữa lòng địch, bên cạnh ...","[""Chiến tranh"", ""Chính kịch"", ""Hành động""]","[""David Ayer""]","[""Brad Pitt"", ""Shia LaBeouf"", ""Logan Lerman"", ""Michael Peña"", ""Jon Bernthal"", ""Jim Parrack"", ""Brad William Henke"", ""Kevin Vance""]",[]
w2w,https://w2w.vn/phim/cuop-bien-vung-caribbean-chiec-ruong-tu-than/,Cướp Biển Vùng Caribbean: Chiếc Rương Tử Thần,2006,"Cuối cùng sau nhiều nỗ lực Jack Sparrow đã chiếm lại đuợc con tàu huyền thoại Ngọc Trai Đen. Tuy nhiên, để giành được Ngọc Trai Đen, Jack đã gây thù kết oán với Davy Jones (thuyền trưởng con tàu ma Flying Dutchman). Để chiến thắng Davy chỉ còn cách tìm được chiếc rương tử thần và Jack – Will – Elizabeth lại dấn thân vào cuộc phiêu lưu mới… Hình ảnh kì dị nhưng khá vui nhộn đã trở thành thương hiệu cho các phim do Walt Disney sản xuất. So với phần I phần II được lồng ghép thêm nhiều tình huống hài hước hơn. Các đại cảnh lớn được thiết kế công phu hoành tráng mang tới dấu ấn riêng.","[""Phiêu lưu"", ""Tưởng tượng"", ""Hành động""]","[""Gore Verbinski""]","[""Johnny Depp"", ""Orlando Bloom"", ""Keira Knightley"", ""Jack Davenport"", ""Bill Nighy"", ""Jonathan Pryce"", ""Lee Arenberg"", ""Mackenzie Crook""]",[]
w2w,https://w2w.vn/phim/cuop-bien-vung-caribbean-suoi-nguon-tuoi-tre/,Cướp Biển Vùng Caribbean: Suối Nguồn Tươi Trẻ,2011,"Câu chuyện phim bắt đầu khi Jack Sparrow, đang tâp hợp thủy thủ đoàn để lên đường tìm tới Suối nguồn tươi trẻ, dòng suối đem lại sự sống cho người nào may mắn uống được. Chính tại nơi đây, Jack đã gặp lại Angelica, một nữ cướp biển vô cùng xinh đẹp mà anh đã từng gặp trong quá khứ. Jack bị Angelica ép đưa lên con tàu Revenge Queen Anne dưới sự điều khiển của cha cô - tên cướp biển dữ dằn Blackbeard. Sự thành công của cướp biển vùng Caribe đã mang tới thành công ngoài mong đợi cho Johnny Dept, anh đã từng được đề cử giải Oscar cho vai diễn của mình và trong phần 4 này Jack lại 1 lần nữa tái xuất tiếp tục mê hoặc khan giả bằng những hành động mạo hiểm nhưng đầy ngộ nghĩnh. Ngoài ra việc lựa chọn cảnh quay đẹp gần như nguyên sinh của Hawai khiến người xem không khỏi thán phục trước vẻ đẹp thơ mộng nơi đây.","[""Phiêu lưu"", ""Hành động"", ""Tưởng tượng""]","[""Rob Marshall""]","[""Johnny Depp"", ""Penélope Cruz"", ""Geoffrey Rush"", ""Ian McShane"", ""Kevin McNally"", ""Sam Claflin"", ""Astrid Bergès-Frisbey"", ""Stephen Graham""]",[]
w2w,https://w2w.vn/phim/dac-vu-cia/,Đặc vụ CIA,2024,"Đại lý CIA CIA Martian được lệnh từ bỏ cuộc sống bí mật của mình và trở lại nhà ga London. Khi tình yêu mà anh bỏ lại bất ngờ xuất hiện lại, sự lãng mạn của họ, việc vỗ về sự nghiệp, bản sắc thực sự và sứ mệnh của anh chống lại trái tim anh trong khi ném cả hai vào một trò chơi gây hại và gián điệp quốc tế.","[""Chính kịch"", ""Bí ẩn""]","[""Jez Butterworth"", ""John-Henry Butterworth""]","[""Michael Fassbender"", ""Jeffrey Wright"", ""Jodie Turner-Smith"", ""Katherine Waterston"", ""Harriet Sansom Harris"", ""John Magaro"", ""Saura Lightfoot-Leon"", ""India Fowler""]",[]
w2w,https://w2w.vn/phim/dai-dich-sac-dep/,Đại Dịch Sắc Đẹp,2026,"Người Đẹp là một bộ phim truyền hình khoa học viễn tưởng kinh dị về cơ thể người do Ryan Murphy và Matt Hodgson sáng tạo. Phim dựa trên truyện tranh cùng tên của Jeremy Haun và Jason A. Hurley, với sự tham gia của các diễn viên Evan Peters, Anthony Ramos, Jeremy Pope, Ashton Kutcher và Rebecca Hall.","[""Chính kịch"", ""Viễn tưởng""]","[""Matthew Hodgson"", ""Ryan Murphy""]","[""Evan Peters"", ""Anthony Ramos"", ""Jeremy Pope"", ""Ashton Kutcher""]",[]
w2w,https://w2w.vn/phim/dan-ca-go/,Đàn Cá Gỗ,2025,"Đàn Cá Gỗ là Phim ngắn đạt giải thưởng phim ngắn xuất sắc nhất tại Cánh Diều Vàng 2024. Phim là câu chuyện dịu dàng về tình yêu, khát vọng và những lựa chọn khó khăn trong cuộc sống của Cường - một chàng trai miền biển tạm gác đam mê âm nhạc để chăm lo cho gia đình","[""Gia đình""]","[""Nguyễn Phạm Thành Đạt""]","[""Quốc Hùng"", ""Minh Hà"", ""Lãnh Thanh""]",[]
w2w,https://w2w.vn/phim/dan-da-dan/,DAN DA DAN,2024,"Cá cược để chứng minh sự tồn tại của ma và người ngoài hành tinh, hai học sinh cấp ba đối mặt với những mối đe dọa siêu linh đáng sợ, có được siêu năng lực và thậm chí yêu nhau?!","[""Hoạt hình"", ""Phiêu lưu"", ""Hài hước"", ""Viễn tưởng""]","[""-""]","[""若山詩音"", ""Hanae Natsuki"", ""田中真弓"", ""水樹奈々""]",[]
w2w,https://w2w.vn/phim/dao-kinh-hoang/,Đảo Kinh Hoàng,2010,"Vào năm 1954, hai cảnh sát tư pháp Teddy Daniels và Chuck Aule được cử đến viện tâm thần Ashecliffe, trên Đảo Kinh Hoàng, cảng Boston, để điều tra vụ mất tích của Rachel Solando, một nữ bệnh nhân từng dìm chết 3 đứa con của mình.","[""Chính kịch"", ""Giật gân"", ""Bí ẩn""]","[""Martin Scorsese""]","[""Leonardo DiCaprio"", ""Mark Ruffalo"", ""Ben Kingsley"", ""Max von Sydow"", ""Michelle Williams"", ""Emily Mortimer"", ""Patricia Clarkson"", ""Jackie Earle Haley""]",[]
w2w,https://w2w.vn/phim/de-mai-tinh/,Để Mai Tính,2010,"Anh chàng dọn phòng đứng đắn Dũng rơi vào lưới tình với cô ca sĩ Mai, nhưng cô đang được một ông chủ lớn theo đuổi với đề nghị công việc hấp dẫn nếu cô đồng ý hẹn hò.","[""Tình cảm"", ""Hài hước""]","[""Charlie Nguyễn""]","[""Thái Hòa"", ""Dustin Nguyễn"", ""Kathy Uyen"", ""Charlie Nguyễn"", ""Bùi Văn Hải"", ""Leon Lê"", ""Johnny Trí Nguyễn"", ""Trần Trung Lĩnh""]",[]
w2w,https://w2w.vn/phim/dead-boy-detectives/,Dead Boy Detectives,2024,Hai con ma tuổi teen hợp tác với một nhà ngoại cảm để phá giải bí ẩn cho những khách hàng siêu nhiên của họ cho đến khi một phù thủy hùng mạnh khiến kế hoạch của họ rối tung.,"[""Chính kịch"", ""Bí ẩn"", ""Viễn tưởng""]","[""Steve Yockey""]","[""George Rexstrew"", ""Jayden Revri"", ""Kassius Nelson"", ""Yuyu Kitamura"", ""Briana Cuoco"", ""Ruth Connell"", ""Jenn Lyon""]",[]
w2w,https://w2w.vn/phim/dem-nguoc/,Đếm Ngược,2025,"Khi điều tra sâu hơn, nhóm phát hiện ra một âm mưu quy mô lớn đe dọa đến tính mạng hàng triệu người tại Los Angeles. Nữ cảnh sát và các đồng đội phải chạy đua với thời gian để ngăn chặn thảm họa sắp xảy ra.","[""Tội phạm"", ""Bí ẩn""]","[""Derek Haas""]","[""Jensen Ackles"", ""Jessica Camacho"", ""Eric Dane"", ""Violett Beane"", ""Uli Latukefu"", ""Elliot Knight""]",[]
w2w,https://w2w.vn/phim/di-tim-nemo/,Đi Tìm Nemo,2003,"Nemo, một chú cá hề trẻ thích phiêu lưu, bất ngờ được đưa từ nhà Great Barrier Reef của mình đến một bể cá văn phòng của nha sĩ. Cha Marlin lo lắng và một chú cá thân thiện nhưng hay quên Dory mang Nemo về nhà - gặp gỡ cá mập ăn chay, lướt rùa rùa, sứa thôi miên, hải âu đói, và nhiều thứ khác trên đường đi.","[""Hoạt hình"", ""Gia đình"", ""Phiêu lưu""]","[""Andrew Stanton""]","[""Albert Brooks"", ""Ellen DeGeneres"", ""Alexander Gould"", ""Willem Dafoe"", ""Geoffrey Rush"", ""Brad Garrett"", ""Allison Janney"", ""Austin Pendleton""]",[]
w2w,https://w2w.vn/phim/di-truyen/,Di Truyền,2018,"Sau khi Ellen – gia chủ nhà Graham qua đời, con cháu của bà bắt đầu khám phá ra hàng loạt bí mật khó hiểu và ngày một đáng sợ về tổ tiên họ.","[""Kinh dị"", ""Bí ẩn"", ""Giật gân""]","[""Ari Aster""]","[""Toni Collette"", ""Alex Wolff"", ""Gabriel Byrne"", ""Milly Shapiro"", ""Ann Dowd"", ""Mallory Bechtel"", ""Brock McKinney"", ""Jake Brown""]",[]
w2w,https://w2w.vn/phim/dich-nhan-kiet-rong-bien-troi-day/,Địch Nhân Kiệt: Rồng Biển Trỗi Dậy,,"Địch Nhân Kiệt trẻ tuổi gia nhập lực lượng Hoàng triều và nhận nhiệm vụ điều tra những vụ tấn công bí ẩn do “rồng biển” gây ra. Trong khi khám phá sự thật, anh phát hiện âm mưu phản loạn liên quan đến hoàng cung và dần vén màn tội ác sâu xa đe dọa vương triều.",[],"[""-""]","[""-""]",[]
w2w,https://w2w.vn/phim/diep-vien-007-diep-vu-mat-vang/,Điệp Viên 007: Điệp Vụ Mắt Vàng,1995,"Được lệnh đến Nga để tìm ra mật mã bí mật của Goldeneye, một thứ vũ khí bí mật có thề phá hủy cả trái đất. Trong khi thi hành nhiệm vụ, điệp viên 007 phải đụng độ với vị đồng nghiệp xấu tính 006 Alec Trevelyan. Anh sẽ làm thế nào để hoàn thành nhiệm vụ khó khăn của mình...","[""Phiêu lưu"", ""Hành động"", ""Giật gân""]","[""Martin Campbell""]","[""Pierce Brosnan"", ""Sean Bean"", ""Izabella Scorupco"", ""Famke Janssen"", ""Joe Don Baker"", ""Judi Dench"", ""Robbie Coltrane"", ""Tchéky Karyo""]",[]
w2w,https://w2w.vn/phim/diep-vien-007-hen-chet-ngay-khac/,Điệp Viên 007: Hẹn Chết Ngày Khác,2002,"Trong lần xuất hiện này, James Bond nhận nhiệm vụ điều tra đường dây buôn lậu vũ khí do đại tá Moon cầm đầu. Không may anh bị một đồng nghiệp bán đứng và lãnh 14 tháng tù rồi được thả ra trong phi vụ trao đổi lấy Zao – cánh tay phải của Moon. Để truy ra kẻ phản bội, James đi khắp nơi từ Hồng Kông, Cuba đến xứ sở sương mù để theo dấu Zao. Trong khi tháo chạy, hắn để lại manh mối là những viên kim cương xuất xứ từ công ty của Gustav Graves. Phiêu lưu vòng quanh thế giới, điệp viên 007 cố gắng lật mặt kẻ phản bội và ngăn chặn một cuộc chiến có thể huỷ diệt cả thế giới.","[""Phiêu lưu"", ""Hành động"", ""Giật gân""]","[""Lee Tamahori""]","[""Pierce Brosnan"", ""Halle Berry"", ""Toby Stephens"", ""Rosamund Pike"", ""Rick Yune"", ""Judi Dench"", ""John Cleese"", ""Michael Madsen""]",[]
w2w,https://w2w.vn/phim/diep-vien-007-khong-phai-luc-chet/,Không Phải Lúc Chết,2021,"Phần 25 của bộ phim điệp viên huyền thoại 007 sẽ tiếp nối câu chuyện về James Bond cùng những pha hành động táo bạo và hoành tráng hơn bao giờ hết. Sau sự kiện đầy ám ảnh trong Spectre, Bond lui về ở ẩn tại đất nước Jamaica, sống một cuộc đời cô độc nhưng bình lặng. Bỗng một người bạn cũ từ CIA xuất hiện, cầu xin anh giúp đỡ. Bond bất đắc dĩ phải tái xuất, nhưng không hề biết mình sẽ đối đầu với thế lực nào. Chi tiết đáng chú ý nhất là chiếc mặt nạ trắng vỡ nửa, đánh dấu sự xuất hiện của tên ác nhân kì quái bậc nhất trong cả series 007. Màn chạm trán giữa Bond và kẻ thù nguy hiểm này sẽ vén màn những bí ẩn còn để ngỏ và tiếp theo đó, có thể là một cuộc đối đầu “sinh tử”.","[""Hành động"", ""Phiêu lưu"", ""Giật gân""]","[""Cary Joji Fukunaga""]","[""Daniel Craig"", ""Léa Seydoux"", ""Rami Malek"", ""Lashana Lynch"", ""Ralph Fiennes"", ""Ben Whishaw"", ""Naomie Harris"", ""Rory Kinnear""]",[]
w2w,https://w2w.vn/phim/diep-vien-007-ngay-mai-khong-tan-lui/,Điệp Viên 007: Ngày Mai Không Tàn Lụi,1997,"Kẻ ngông cuồng Elliot Carver (Jonathan Pryce) muốn phát động chiến tranh trở lại trở thành chiến tranh thế giới thứ 3. Đầu tiên hắn đánh lừa một tàu chiến của Anh đi vào vùng biển của Trung Quốc trong khi họ vẫn tưởng nhầm đang ở trong vùng biển quốc tế, sau đó hắn đánh chìm tàu chiến của Anh đồng thời bắn rơi một máy bay chiến đấu của Trung Quốc, tiếp theo là một loạt các âm mưu khác. Tất cả những hành động đó phục vụ cho mục đích kiếm tiền bằng công ty truyền thông, báo chí, tin tức của hắn! Và James Bond (Pierce Brosnan) người hùng có nhiệm vụ ngăn chặn hành động ấy...","[""Phiêu lưu"", ""Hành động"", ""Giật gân""]","[""Roger Spottiswoode""]","[""Pierce Brosnan"", ""Jonathan Pryce"", ""Dương Tử Quỳnh"", ""Teri Hatcher"", ""Ricky Jay"", ""Götz Otto"", ""Joe Don Baker"", ""Vincent Schiavelli""]",[]
w2w,https://w2w.vn/phim/diep-vien-007-ngon-tay-vang/,Điệp Viên 007: Ngón Tay Vàng,1964,"Bond đã quay trở lại và nhiệm vụ kế tiếp của anh là phải đến Fort Knox, nơi mà Auric Goldfinger và những tay chân của hắn đang âm mưu tấn công vào Fort Knox và xóa sạch nền kinh tế thế giới. Để cứu thế giới một lần nữa, Bond cần phải tìm cách để trở thành bạn của Goldfinger, tránh những tay sát thủ và ngay cả phi công riêng của Goldfinger, cô nàng khiêu gợi Pussy Galore. Có thể cô không có tình cảm gì với Bond, nhưng liệu 007 có giúp cô thay đổi suy nghĩ…?","[""Phiêu lưu"", ""Hành động"", ""Giật gân""]","[""Guy Hamilton""]","[""Sean Connery"", ""Gert Fröbe"", ""Honor Blackman"", ""Harold Sakata"", ""Shirley Eaton"", ""Tania Mallet"", ""Bernard Lee"", ""Martin Benson""]",[]
w2w,https://w2w.vn/phim/diep-vien-khong-khong-thay-tai-xuat/,Điệp Viên Không Không Thấy: Tái Xuất,2011,Gián điệp vụng về Johnny English mài giũa kỹ năng của mình tại một tu viện ở Tây Tạng và trở lại với công việc để bảo vệ Thủ tướng Trung Quốc khỏi một kẻ ám sát.,"[""Tội phạm"", ""Hành động"", ""Hài hước""]","[""Oliver Parker""]","[""Rowan Atkinson"", ""Gillian Anderson"", ""Dominic West"", ""Rosamund Pike"", ""Daniel Kaluuya"", ""Tim McInnerny"", ""Richard Schiff"", ""Burn Gorman""]",[]
w2w,https://w2w.vn/phim/diep-vien-xxx-phan-don/,Điệp Viên xXx: Phản Đòn,2017,"xXx: Return of Xander Cage là phần thứ ba trong loạt phim về điệp viên xXx. Bộ phim kể về những nhiệm vụ của Xander Cage, anh chàng nghiện thể thao mạo hiểm được chính phủ tuyển dụng để trở thành đặc vụ. Lần này, Xander Cage có cuộc chạm trán với tay giang hồ Xiang và đội quân tinh nhuệ của hắn trong cuộc chiến giành thiết bị công nghệ cao - Pandora's Box. Trong quá trình chiêu mộ biệt đội làm việc cùng mình, Xander Cage vô tình vướng vào âm mưu hiểm độc có liên quan đến quan chức cấp cao trong chính phủ nhiều nước trên thế giới...","[""Hành động"", ""Phiêu lưu"", ""Tội phạm""]","[""D.J. Caruso""]","[""Vin Diesel"", ""Chân Tử Đan"", ""Ruby Rose"", ""Deepika Padukone"", ""Toni Collette"", ""Samuel L. Jackson"", ""Ice Cube"", ""Rory McCann""]",[]
w2w,https://w2w.vn/phim/diep-vu-boston/,Điệp Vụ Boston,2006,"The Departed (Điệp Vụ Boston) là bộ phim được dựng lại từ siêu phẩm Vô Gian Đạo (Infernal Affairs) của Hồng Kông. Nội dung phim xoay quanh hai con người có hai lai lịch hoàn toàn khác nhau nhưng lại đi chung một con đường: làm nội gián. Billy Costigan, một cảnh sát chìm được cài vào băng nhóm tội phạm do Frank Costello cầm đầu. Cùng lúc này, nhân viên cảnh sát Colin Sullivan lại là một tay tội phạm được đưa vào nội bộ cảnh sát nhằm cung cấp tin tức cho Frank. Cả hai bước vào cuộc rượt đuổi với nhiệm vụ khai thác thông tin mật của mỗi bên, đồng thời phải che giấu thân phận thật sự của mình...","[""Chính kịch"", ""Giật gân"", ""Tội phạm""]","[""Martin Scorsese""]","[""Leonardo DiCaprio"", ""Matt Damon"", ""Jack Nicholson"", ""Mark Wahlberg"", ""Martin Sheen"", ""Ray Winstone"", ""Vera Farmiga"", ""Anthony Anderson""]",[]
w2w,https://w2w.vn/phim/dieu-uoc-doat-mang/,Điều ước đoạt mạng,2026,"Một ứng dụng bí ẩn hứa ban điều ước – rồi bắt đầu đếm ngược đến khi chết. Khi một nhóm thanh thiếu niên bị cuốn vào, họ buộc phải cắt đứt chuỗi chết chóc để sống sót.","[""Bí ẩn"", ""Chính kịch""]","[""박중섭"", ""박윤서""]","[""전소영"", ""백선호"", ""강미나"", ""현우석"", ""이효제"", ""노재원"", ""전소니"", ""윤사봉""]",[]
w2w,https://w2w.vn/phim/dinh-menh/,Định Mệnh,2009,"Vào năm đầu tiên khi Đức Quốc Xã chiếm đóng nước Pháp, Shosanna Dreyfus đã chứng kiến cảnh gia đình mình bị hành quyết trong tay quân đội Đức. Shosanna đã khó khăn lắm mới trốn thoát được và đi đến Paris, thay đổi danh tính, trở thành bà chủ và là người điều hành của một rạp chiếu bóng. Tại một nơi khác ở Châu Âu, trung úy Aldo Raine đã thành lập một nhóm binh lính Mỹ gốc Do Thái tiến hành các cuộc đột kích trả đũa Đức Quốc Xã . Đội quân của Raine kết hợp cùng một nữ diễn viên Đức kiêm điệp viên nằm vùng Bridget von Hammersmark để thi hành điệp vụ lật đổ những thủ lĩnh của Third Reich. Số phận đã đưa họ gặp nhau tại rạp chiếu bóng nơi Shosanna đang làm chủ những kế hoạch cùng với kế hoạch phục thù riêng của cô bắt đầu được tiến hành…","[""Chính kịch"", ""Giật gân"", ""Chiến tranh""]","[""Quentin Tarantino""]","[""Brad Pitt"", ""Mélanie Laurent"", ""Christoph Waltz"", ""Eli Roth"", ""Michael Fassbender"", ""Diane Kruger"", ""Daniel Brühl"", ""Til Schweiger""]",[]
w2w,https://w2w.vn/phim/do-ki/,Đố kị,2024,"Sau cuộc chia tay đau lòng, Vicky, giờ đã gần 40 tuổi, bắt đầu tìm kiếm tình yêu mới mà không biết rằng việc này sẽ dẫn cô vào hành trình tự khám phá đầy sâu sắc và hài hước.","[""Hài hước"", ""Chính kịch""]","[""-""]","[""Griselda Siciliani"", ""Esteban Lamothe"", ""Pilar Gamboa"", ""Violeta Urtizberea"", ""Marina Bellati"", ""Bárbara Lombardo"", ""Lorena Vega"", ""Susana Pampín""]",[]
w2w,https://w2w.vn/phim/doi-dac-vu-pha-an/,Đội Đặc Vụ Phá Án,2024,Sáu người nổi tiếng Hàn Quốc trở thành “Agents of Mystery” để giải quyết những bí ẩn siêu nhiên. Liệu họ có thể hoàn thành nhiệm vụ của mình bằng tinh thần đồng đội và sự nhạy bén không?,"[""Truyền hình""]","[""정종연"", ""Kim Seo-goo""]","[""이용진"", ""존 박"", ""이혜리"", ""김도훈"", ""카리나"", ""가비""]",[]
w2w,https://w2w.vn/phim/doi-tham-tu-cuu-an-mang-luc-nua-dem/,Đội Thám Tử Cừu: Án Mạng Lúc Nửa Đêm,2026,"Trong bộ phim trinh thám hài hước, độc đáo này, George (Hugh Jackman) là một người chăn cừu, mỗi tối đều đọc tiểu thuyết trinh thám cho đàn cừu yêu quý nghe, nghĩ rằng chúng không thể hiểu được. Nhưng khi George bất ngờ qua đời trong một sự cố bí ẩn trên trang trại, đàn cừu quyết định tự mình trở thành thám tử. Lần theo manh mối và điều tra các nghi phạm là con người, chúng chứng minh rằng ngay cả cừu cũng có thể phá án xuất sắc.","[""Hài hước"", ""Gia đình"", ""Bí ẩn""]","[""Kyle Balda""]","[""Hugh Jackman"", ""Julia Louis-Dreyfus"", ""Emma Thompson"", ""Nicholas Braun"", ""Chris O'Dowd"", ""Bryan Cranston"", ""Nicholas Galitzine"", ""Molly Gordon""]",[]
w2w,https://w2w.vn/phim/dua-tre/,Đứa Trẻ,1921,"Một kẻ lang thang chăm sóc cho một cậu bé sau khi cậu bé bị mẹ bỏ rơi khi còn là một đứa trẻ sơ sinh. Sau đó, người mẹ đã thay đổi trái tim và đau khổ để được đoàn tụ với con trai của mình.","[""Hài hước"", ""Chính kịch""]","[""Charlie Chaplin""]","[""Charlie Chaplin"", ""Jackie Coogan"", ""Carl Miller"", ""Edna Purviance"", ""Albert Austin"", ""Beulah Bains"", ""Nellie Bly Baker"", ""Henry Bergman""]",[]
w2w,https://w2w.vn/phim/dumbo-chu-voi-biet-bay/,Dumbo: Chú Voi Biết Bay,2019,"Dumbo: Chú voi con có đôi tai ngoại cỡ và biến nó thành cây hài cho đoàn xiếc. Tuy nhiên khi họ phát hiện ra chú voi Dumbo có thể bay, cả đoàn xiếc đã gây dựng lại danh tiếng và thu hút sự chú ý của V.A. Vandevere – một doanh nhân thành đạt có sở thích sưu tầm động vật lạ cho công viên giải trí Dreamland của hắn. Dumbo vút bay đến một tầm cao mới cùng với nghệ sĩ xiếc Colette Marchant cho đến khi Holt phát hiện ra những bí ẩn đen tối đằng sau vẻ ngoài hào nhoáng của Dreamland.","[""Gia đình"", ""Tưởng tượng"", ""Phiêu lưu""]","[""Tim Burton""]","[""Colin Farrell"", ""Michael Keaton"", ""Danny DeVito"", ""Eva Green"", ""Nico Parker"", ""Finley Hobbins"", ""Alan Arkin"", ""Roshan Seth""]",[]
w2w,https://w2w.vn/phim/duoc-den/,Đuốc Đen,2026,"Jirô là một cậu bé có khả năng nói chuyện với động vật, được ông nuôi dưỡng và đào tạo thành ninja. Bị xa lánh vì khác biệt, cậu tìm thấy sự an ủi bên những loài động vật và bảo vệ chúng. Một ngày nọ, cậu cứu Ragô, một con mèo đen bị thương, nhưng phát hiện ra rằng nó không phải là mèo bình thường mà là một mononoke, một linh hồn đang bị một tổ chức bí ẩn săn đuổi. Không do dự, Jirô quyết định giúp đỡ nó.","[""Hoạt hình"", ""Bí ẩn"", ""Phiêu lưu"", ""Viễn tưởng""]","[""-""]","[""鈴木崚汰"", ""上田燿司"", ""千本木彩花"", ""榎木淳弥"", ""諏訪部順一"", ""上田麗奈"", ""森川智之"", ""岡本信彦""]",[]
w2w,https://w2w.vn/phim/duoi-mat-troi-den/,Dưới mặt trời đen,2025,"Đang chạy trốn khỏi quá khứ rắc rối, người mẹ trẻ nọ bị buộc tội giết chủ mới tại một trang trại hoa ngay trước khi biết rằng ông thực ra là bố mình.","[""Tội phạm"", ""Bí ẩn"", ""Chính kịch""]","[""Nils-Antoine Sambuc""]","[""Isabelle Adjani"", ""Ava Baya"", ""Louise Coldefy"", ""Guillaume Gouix"", ""Thibault de Montalembert"", ""Claire Romain"", ""Nicolas Vaude"", ""Simon Ehrlacher""]",[]
w2w,https://w2w.vn/phim/duyen-no-nha-amagami/,Duyên Nợ Nhà Amagami,2024,"Uryu Kamihate là một học sinh trung học với ước mơ vào trường y Đại học Kyoto. Sau khi được vị chủ tế tại Đền Amagami cưu mang, cậu được cho biết mình phải kết hôn với một trong ba chị em gái - Yae, Yuna, hoặc Asahi - để sống tại đó và một ngày nào đó sẽ thừa kế Đền Amagami. Kamihate sẽ cần phải chinh phục trái tim của một trong ba cô gái trong câu chuyện về tình yêu, tình bạn và niềm vui này.","[""Hoạt hình"", ""Hài hước""]","[""-""]","[""鈴木崚汰"", ""上坂すみれ"", ""本渡楓"", ""若山詩音""]",[]
w2w,https://w2w.vn/phim/em-la-ba-noi-cua-anh/,Em Là Bà Nội Của Anh,2015,"Chuyện phim xoay quanh bà Đại (NSƯT Minh Đức), bà già kiểu cách, khó tính, đặc biệt yêu thương cậu con trai độc nhất Quang (Đức Khuê) đang là giáo sư đại học. Nhưng tuổi xế chiều của bà không được yên ổn khi mâu thuẫn với con dâu (Hồng Ánh), với bạn bè, với quá khứ đầy sóng gió xưa kia cứ thế ập đến. Trong lúc quẫn bách nhất, phép màu đột ngột xảy đến, biến bà Đại trở thành cô gái trẻ trung tuổi đôi mươi. Không lãng phí cơ hội trời cho, bà quyết định tận dụng từng khoảnh khắc của “giấc mơ đẹp” để hoàn thành nhiều tâm nguyện còn dang dở. Cô gái Thanh Nga (Miu Lê) xinh đẹp xuất hiện, làm đảo lộn cuộc sống của cậu ca sĩ nhạc rock nổi loạn Ngô Trí Tùng (Ngô Kiến Huy) - vốn chính là cháu bà Đại, nhà sản xuất âm nhạc đẹp trai Mạnh Đức (Hứa Vĩ Văn) và cả ông bạn già tên Bé (NSƯT Thanh Nam) lỡ yêu sâu đậm bà Đại từ thuở trẻ.","[""Hài hước""]","[""Phan Gia Nhật Linh""]","[""Miu Lê"", ""Ngô Kiến Huy"", ""Hứa Vĩ Văn"", ""Hari Won"", ""Minh Đức"", ""Thanh Nam"", ""Thu Trang"", ""Lều Phương Anh""]",[]
w2w,https://w2w.vn/phim/exodus-cuoc-chien-chong-pha-ra-ong/,Exodus: Cuộc Chiến Chống Pha-ra-ông,2014,"Exodus: Gods and Kings lấy ý tưởng chính từ một câu chuyện khác - cuộc đại chiến giữa dân tộc Do Thái và đế chế Ai Cập hùng mạnh của các Pharaoh. Nhân vật chính của bộ phim là người anh hùng vĩ đại trong lịch sử người Do Thái - Moses. Từ một đứa trẻ sống sót sau trận đại tàn sát của Pharaoh, Moses được giao sứ mệnh dẫn dắt những nô lệ người Do Thái thoát khỏi ách thống trị của đế chế Ai Cập, tìm đến miền đất hứa tự do, nhờ sự trợ giúp từ sứ giả của Chúa.","[""Phiêu lưu"", ""Chính kịch"", ""Hành động""]","[""Ridley Scott""]","[""Christian Bale"", ""Joel Edgerton"", ""Ben Kingsley"", ""John Turturro"", ""Aaron Paul"", ""گلشیفته فراهانی"", ""Ben Mendelsohn"", ""Sigourney Weaver""]",[]
w2w,https://w2w.vn/phim/f1-phim-dien-anh/,F1 Phim Điện Ảnh,2025,"Phim kể về Sonny Hayes (do Brad Pitt thủ vai), một cựu tay đua F1 lão làng, người đã rời xa đường đua sau một tai nạn kinh hoàng. Anh được thuyết phục quay trở lại thế giới tốc độ để cố vấn cho một tay đua trẻ tuổi, đầy triển vọng nhưng cũng rất liều lĩnh. Cùng nhau, họ phải đối mặt với những thách thức khốc liệt của giải đấu F1, cạnh tranh với những tay đua hàng đầu thế giới và khám phá lại niềm đam mê, đồng thời tìm cách vượt qua những giới hạn của bản thân. Phim hứa hẹn sẽ mang đến những cảnh quay chân thực và những pha đua xe mãn nhãn, được quay ngay trên các đường đua F1 thật sự.","[""Hành động"", ""Chính kịch""]","[""Joseph Kosinski""]","[""Brad Pitt"", ""Damson Idris"", ""Javier Bardem"", ""Kerry Condon"", ""Tobias Menzies"", ""Kim Bodnia"", ""Sarah Niles"", ""Will Merrick""]",[]
w2w,https://w2w.vn/phim/fairy-tail-nhiem-vu-100-nam/,Fairy Tail: Nhiệm Vụ 100 Năm,2024,"Một năm sau khi đánh bại Zeref và Acnologia, Natsu cùng hội Fairy Tail lại tiếp tục lên đường phiêu lưu. Lần này, họ nhận lời thực hiện Nhiệm Vụ Trăm Năm, một thử thách bí ẩn đã được lưu truyền từ lâu trong hội. Hành trình đưa họ đến với những vùng đất mới, nhiều kẻ thù hùng mạnh và vô vàn bí mật chưa từng được tiết lộ. Natsu và các bạn sẽ phải chiến đấu hết mình để hoàn thành nhiệm vụ, đồng thời bảo vệ thế giới khỏi những thế lực tà ác.","[""Hoạt hình"", ""Phiêu lưu"", ""Viễn tưởng""]","[""-""]","[""柿原徹也"", ""平野綾"", ""釘宮理恵"", ""Nakamura Yuichi"", ""大原さやか"", ""佐藤聡美"", ""堀江由衣""]",[]
w2w,https://w2w.vn/phim/fate-strange-fake/,Fate/strange Fake,2024,"Trong một cuộc chiến Chén Thánh, các Pháp sư (Master) và Linh hồn Anh hùng (Servant) của họ chiến đấu để giành quyền kiểm soát Chén Thánh—một thiết bị ban điều ước toàn năng được cho là có thể thực hiện bất kỳ điều ước nào. Nhiều năm đã trôi qua kể từ khi kết thúc Cuộc chiến Chén Thánh lần thứ năm ở Nhật Bản. Bây giờ, những dấu hiệu báo trước sự xuất hiện của một Chén Thánh mới ở thành phố Snowfield phía tây nước Mỹ","[""Hoạt hình"", ""Phiêu lưu"", ""Viễn tưởng"", ""Chính kịch""]","[""岩上敦宏"", ""武内崇"", ""佐藤真紀"", ""羽川寛"", ""大塚則和""]","[""花澤香菜"", ""小野友樹"", ""羽多野渉"", ""森久保祥太郎"", ""松岡禎丞"", ""Lynn"", ""内田真礼"", ""榎木淳弥""]",[]
w2w,https://w2w.vn/phim/frankenstein/,Frankenstein,2025,Guillermo del Toro mang đến phiên bản mới đầy viễn kiến cho câu chuyện gothic của Mary Shelley về một nhà khoa học lỗi lạc mà kiêu ngạo bị chính tạo vật bi thảm của mình hủy hoại.,"[""Chính kịch"", ""Tưởng tượng"", ""Kinh dị""]","[""Guillermo del Toro""]","[""Oscar Isaac"", ""Jacob Elordi"", ""Christoph Waltz"", ""Mia Goth"", ""Felix Kammerer"", ""Charles Dance"", ""David Bradley"", ""Lars Mikkelsen""]",[]
w2w,https://w2w.vn/phim/franklin/,Franklin,2024,"Vào tháng 12/1776, Benjamin Franklin nổi tiếng thế giới với các thí nghiệm về điện. Nhưng niềm đam mê và quyền lực của ông bị thử thách khi ông bắt tay vào một nhiệm vụ bí mật tới Pháp - với số phận nền độc lập của nước Mỹ đang bấp bênh.","[""Chính kịch""]","[""-""]","[""Michael Douglas"", ""Noah Jupe"", ""Daniel Mays"", ""Ludivine Sagnier"", ""Thibault de Montalembert"", ""Assaad Bouab"", ""Théodore Pellerin""]",[]
w2w,https://w2w.vn/phim/furiosa-cau-chuyen-tu-max-dien/,Furiosa: Câu Chuyện Từ Max Điên,2024,"Câu chuyện bắt đầu từ lúc Thế giới sụp đổ, Furiosa phải tự cứu lấy mình để trở về nhà. Một cuộc phiêu lưu hành động độc lập khốc liệt, tiền truyện về quái nữ đồng hành với Max Rockatansky.","[""Hành động"", ""Phiêu lưu"", ""Viễn tưởng""]","[""George Miller""]","[""Anya Taylor-Joy"", ""Chris Hemsworth"", ""Tom Burke"", ""Alyla Browne"", ""George Shevtsov"", ""Lachy Hulme"", ""John Howard"", ""Angus Sampson""]",[]
w2w,https://w2w.vn/phim/ga-tu-than/,Ga Tử Thần,2025,"Bước vào thế giới của Ghost Train, khán giả theo chân Da Gyeong (Joo Hyun Young) – một YouTuber trẻ tuổi đang tuyệt vọng cứu vãn tài khoản đang ""flop"" của mình bằng những câu chuyện kỳ bí. Với khát khao phá kỷ lục lượt xem, cô quyết định khám phá ga tàu điện ngầm Gwanglim – nơi phủ đầy truyền thuyết đô thị và nổi tiếng với hàng loạt vụ mất tích bí ẩn. Được dẫn lối bởi người gác ga kỳ lạ (Jeon Bae Soo), Da Gyeong không ngờ rằng chuyến đi liều lĩnh này lại đẩy cô vào vòng xoáy tâm linh rùng rợn, nơi mà chỉ khi chạm đến “đích cuối” của chuyến tàu định mệnh, cô mới mong tìm được lối thoát.","[""Kinh dị"", ""Bí ẩn""]","[""Tak Se-woong""]","[""주현영"", ""전배수"", ""최보민"", ""김지인"", ""김우겸"", ""정한빛"", ""Kim Na-yeon"", ""임철수""]",[]
w2w,https://w2w.vn/phim/gai-gia-lam-chieu-3/,Gái Già Lắm Chiêu 3,2020,"Phim xoay quanh câu chuyện về một gia tộc siêu giàu, trong đấy nàng dâu Ninh Dương Lan Ngọc tiếp tục là tâm điểm với vai cô con dâu siêu chảnh. Miss Q lắm tai tiếng của showbiz sẽ bước vào hào môn xứ Huế và đối đầu với mẹ chồng tương lai - cựu minh tinh nổi tiếng Thái Tuyết Mai.",[],"[""Bảo Nhân"", ""Namcito""]","[""Ninh Dương Lan Ngọc"", ""Lê Xuân Tiền"", ""Hồng Vân"", ""Thùy Anh"", ""Jun Vũ"", ""Thoại Tiên"", ""Phương Lan"", ""Bình An""]",[]
w2w,https://w2w.vn/phim/gai-gia-lam-chieu/,Gái Già Lắm Chiêu,2016,"Gái Già Lắm Chiêu là câu chuyện kể về một cô nàng vừa bước vào tuổi 30, thành đạt, xinh đẹp, nhưng bỗng một ngày phát hiện mình mắc căn bệnh “buồng trứng” quái gở. Do đó, bằng mọi cách cô nàng phải mang bầu trong vòng hai tháng trước khi ""cái trứng cuối cùng rụng xuống"". Cô đã cùng những người bạn thân lập tức lên kế hoạch tìm chồng, và như vậy là vô số tình huống dở khóc, dở cười của nhóm ""gái già lắm chiêu"" này khi truy tìm “trai đẹp” xảy ra.","[""Hài hước"", ""Tình cảm""]","[""Bảo Nhân"", ""Namcito""]","[""Bình Minh"", ""Diễm My 9x"", ""Việt Hương"", ""Huỳnh Lập"", ""Diệu Nhi"", ""Hữu Châu""]",[]
w2w,https://w2w.vn/phim/gia-dinh-sieu-nhan/,Gia Đình Siêu Nhân,2004,"Một gia đình gồm các siêu anh hùng gần như đã nghỉ hưu, hơi thừa cân và cố gắng sống sót trong cuộc sống hàng ngày khắc nghiệt, bị buộc phải hành động ... chỉ đơn giản là để cứu thế giới. Bob Paar từng là một trong những siêu anh hùng vĩ đại nhất thế giới (anh ta còn được gọi là ""Mr. Incredible""), cứu mạng và chiến đấu với những kẻ ác hàng ngày. Mười lăm năm đã trôi qua, và Bob và vợ (một cựu siêu anh hùng nổi tiếng ở bên phải) đã nhận được một bản sắc dân sự và lui về ngoại vi để sống một cuộc sống bình thường với ba đứa con của họ. Bob kiểm tra thời hạn yêu cầu bảo hiểm và chống lại sự nhàm chán và tình yêu. Anh ta háo hức muốn trở lại hành động, vì vậy khi nhận được một liên lạc bí ẩn ra lệnh cho anh ta đến một hòn đảo xa xôi để thực hiện một nhiệm vụ tối mật, anh ta đã không nghĩ hai lần.","[""Hành động"", ""Phiêu lưu"", ""Hoạt hình"", ""Gia đình""]","[""Brad Bird""]","[""Craig T. Nelson"", ""Holly Hunter"", ""Sarah Vowell"", ""Spencer Fox"", ""Jason Lee"", ""Samuel L. Jackson"", ""Elizabeth Peña"", ""Eli Fucile""]",[]
w2w,https://w2w.vn/phim/giai-cuu-binh-nhi-ryan/,Giải Cứu Binh Nhì Ryan,1998,"Bắt đầu với cuộc xâm lược của quân Đồng minh Normandy vào ngày 6 tháng 6 năm 1944, các thành viên của tiểu đoàn tấn công thứ hai, dưới quyền Đại úy Miller, chiến đấu để giành quyền kiểm soát bãi biển. Trong trận chiến, hai anh em bị giết. Một chút trước đó, ở New Guinea, một người anh em thứ ba cũng bị giết. Mẹ của ông, bà Ryan, sẽ nhận được ba bức điện tử trong cùng một ngày. Người đứng đầu quân đội Mỹ, George C. Marshall, nhìn thấy cơ hội làm giảm bớt nỗi đau khổ của cô khi anh biết được một người anh em thứ tư, Private James Ryan, và quyết định cử tám người (Thuyền trưởng Miller và một nhóm được chọn từ tiểu đoàn của anh ta) đi tìm Anh ta và đưa anh ta trở về nhà của mẹ mình.","[""Chiến tranh"", ""Chính kịch"", ""Lịch sử""]","[""Steven Spielberg""]","[""Tom Hanks"", ""Tom Sizemore"", ""Edward Burns"", ""Barry Pepper"", ""Adam Goldberg"", ""Vin Diesel"", ""Giovanni Ribisi"", ""Jeremy Davies""]",[]
w2w,https://w2w.vn/phim/giai-ma-me-cung/,Giải Mã Mê Cung,2014,"The Maze Runner là bộ phim được chuyển thể từ bộ truyện cùng tên có nội dung giả tưởng về nhóm bạn trẻ bị giam giữ trong 'Trảng' với một trí nhớ không rõ ràng, và cuộc vật lộn tìm lối thoát. Làm thế nào họ sống sót được giữa một mê cung khổng lồ đầy những sinh vật nguy hiểm và thay đổi lời giải hằng đêm? Ai sẽ là người sống sót cuối cùng sau những bí mật chết người kia?","[""Hành động"", ""Bí ẩn"", ""Viễn tưởng"", ""Giật gân""]","[""Wes Ball""]","[""Dylan O'Brien"", ""Kaya Scodelario"", ""Thomas Brodie-Sangster"", ""Ki Hong Lee"", ""Will Poulter"", ""Aml Ameen"", ""Patricia Clarkson"", ""Blake Cooper""]",[]
w2w,https://w2w.vn/phim/giet-con-nai-than/,Giết Con Nai Thần,2017,"Tiến sĩ Steven Murphy là một bác sĩ phẫu thuật tim mạch nổi tiếng, người chủ trì một gia đình không tì vết cùng vợ và hai con. Ẩn mình bên lề cuộc sống bình dị ở vùng ngoại ô của mình là Martin, một thiếu niên mồ côi cha, người đã dấn thân vào cuộc sống bác sĩ theo những cách dần dần đáng lo ngại.","[""Chính kịch"", ""Giật gân"", ""Bí ẩn""]","[""Γιώργος Λάνθιμος""]","[""Colin Farrell"", ""Nicole Kidman"", ""Barry Keoghan"", ""Raffey Cassidy"", ""Sunny Suljic"", ""Bill Camp"", ""Alicia Silverstone"", ""Herb Caillouet""]",[]
w2w,https://w2w.vn/phim/gign-luc-luong-tinh-nhue/,GIGN: Lực lượng tinh nhuệ,2026,"Sau một cuộc tấn công chưa từng có vào đơn vị, một sĩ quan cấp cao chuẩn bị rời chiến trường dẫn dắt nhiệm vụ nguy hiểm buộc anh phải đối mặt với quá khứ của mình.","[""Phiêu lưu"", ""Tội phạm"", ""Chính kịch""]","[""Julien Leclercq"", ""Sylvain Caron""]","[""Tomer Sisley"", ""Guillaume Gouix"", ""Philip Schurer"", ""Nicolas Wanczycki"", ""Leanna Chea"", ""Géraldine Pailhas"", ""Tristan Zanchi"", ""Thierry Neuvic""]",[]
w2w,https://w2w.vn/phim/giua-cha-va-con-trai/,Giữa Cha Và Con Trai,2026,"Khi luật sư thành đạt nọ đến thăm gia đình vị hôn phu, cô dần thân mật một cách nguy hiểm với con trai nhiều bất ổn của anh, giữa những căng thẳng âm ỉ và những bí mật đáng ngại.","[""Chính kịch""]","[""Pablo Illanes""]","[""Pamela Almanza"", ""Erick Elías"", ""Graco Sendel"", ""Natalia Plascencia"", ""Ivanna Castro"", ""Carmen Delgado""]",[]
w2w,https://w2w.vn/phim/golf-thu-ky-tai-stick/,Golf Thủ Kỳ Tài - Stick,2025,"Pryce Cahill đang trên đà trở thành huyền thoại làng golf thì một khủng hoảng ngay trên sân đấu đã khiến sự nghiệp anh trật bánh. Giờ đây, trong nỗ lực bấu víu để tiếp tục tồn tại, anh dốc toàn lực để huấn luyện Santi - một thần đồng tuổi teen với tiềm năng to lớn - và có lẽ cũng để cứu lấy chính mình.","[""Hài hước"", ""Chính kịch""]","[""Jason Keller""]","[""Owen Wilson"", ""Peter Dager"", ""Lilli Kay"", ""Mariana Treviño"", ""Marc Maron""]",[]
w2w,https://w2w.vn/phim/griselda/,Griselda,2024,"Lấy cảm hứng từ những sự kiện có thật, loạt phim chính kịch hư cấu này dõi theo hành trình của Griselda Blanco từ Medellín đến khi trở thành ""mẹ đỡ đầu"" của đế chế ma túy ở Miami.","[""Chính kịch"", ""Tội phạm""]","[""Ingrid Escajeda"", ""Carlo Bernard"", ""Eric Newman"", ""Doug Miro""]","[""Sofía Vergara"", ""Alberto Guerra"", ""Christian Tappan"", ""Martín Rodríguez"", ""Juliana Aidén Martinez"", ""Vanessa Ferlito"", ""Alberto Ammann"", ""José Velázquez""]",[]
w2w,https://w2w.vn/phim/hai-muoi/,Hai Muối,2024,"Muối – một cô gái mất mẹ từ khi vừa lọt lòng và lớn lên trong tình yêu thương của cha tại vùng đất xã đảo Thiềng Liềng. Bước ngoặt của hai cha con bắt đầu khi Muối trưởng thành, quyết định lên thành phố học tập và làm việc với ước mơ đổi đời để phụ giúp cha.","[""Chính kịch"", ""Gia đình""]","[""NSƯT Vũ Thành Vinh""]","[""Quyền Linh"", ""Kim Hải"", ""Hồng Vân"", ""Việt Anh"", ""Tú Tri"", ""Minh Luân"", ""Công Ninh"", ""Huỳnh Bảo Ngọc""]",[]
w2w,https://w2w.vn/phim/hanh-phuc-cua-me/,Hạnh Phúc Của Mẹ,2019,"Hạnh Phúc Của Mẹ kể về “cuộc chiến” giúp con trở thành một đứa trẻ bình thường của mẹ Tuệ - một người mẹ đơn thân và chân quê với cậu con trai mắc bệnh tự kỷ bẩm sinh. Như rất nhiều người mẹ ít kiến thức nhưng giàu tình yêu thương ở những vùng đất nghèo khó, mẹ Tuệ hoàn toàn không có những kỹ năng sư phạm để dạy một đứa trẻ tự kỷ. Nhưng với bản năng của người mẹ dành cho đứa con mình dứt ruột sinh ra, mẹ Tuệ chỉ có một phương pháp duy nhất là dạy con bằng cách bảo bọc mọi thứ, kể cả việc từ chối lời cầu hôn của một người đàn ông rất chân thành.",[],"[""Huỳnh Đông""]","[""Kiều Minh Tuấn"", ""Huy Khang"", ""Cát Phượng"", ""John Huy Trần""]",[]
w2w,https://w2w.vn/phim/hanh-tinh-cat-phan-hai/,Hành Tinh Cát: Phần Hai,2024,"Hãy theo chân hành trình của Paul Atreides khi anh ấy cùng với Chani và những người Fremen trên con đường trả thù những kẻ đã âm mưu phá hủy gia đình của anh. Đối diện với sự lựa chọn giữa tình yêu của đời mình và số phận của vũ trụ rộng lớn, Paul phải cố ngăn chặn một tương lai kinh khủng chỉ có anh mới nhìn thấy được.","[""Phiêu lưu"", ""Viễn tưởng""]","[""Denis Villeneuve""]","[""Timothée Chalamet"", ""Zendaya"", ""Rebecca Ferguson"", ""Javier Bardem"", ""Josh Brolin"", ""Austin Butler"", ""Florence Pugh"", ""Dave Bautista""]",[]
w2w,https://w2w.vn/phim/hanh-trinh-cua-moana-2/,Hành Trình Của Moana 2,2024,"“Hành Trình của Moana 2” là màn tái hợp của Moana và Maui sau 3 năm, trở lại trong chuyến phiêu lưu cùng với những thành viên mới. Theo tiếng gọi của tổ tiên, Moana sẽ tham gia cuộc hành trình đến những vùng biển xa xôi của Châu Đại Dương và sẽ đi tới vùng biển nguy hiểm, đã mất tích từ lâu. Cùng chờ đón cuộc phiêu lưu của Moana đầy chông gai sắp tới nhé.","[""Phiêu lưu"", ""Hoạt hình"", ""Hài hước"", ""Gia đình""]","[""David G. Derrick Jr."", ""Jason Hand"", ""Dana Ledoux Miller""]","[""Auliʻi Cravalho"", ""Dwayne Johnson"", ""Hualālai Chung"", ""Rose Matafeo"", ""David Fane"", ""Awhimai Fraser"", ""Khaleesi Lambert-Tsuda"", ""Temuera Morrison""]",[]
w2w,https://w2w.vn/phim/harry-potter-va-hon-da-phu-thuy/,Harry Potter và Hòn Đá Phù Thủy,2001,"Harry Potter và Hòn Đá Phù Thủy là bộ phim đầu tiên trong series phim “Harry Potter” được xây dựng dựa trên tiểu thuyết của nhà văn J.K.Rowling. Nhân vật chính của phim, Harry Potter - một cậu bé 11 tuổi sau khi mồ côi cha mẹ đã bị gửi đến nhà dì dượng của mình, gia đình Dursley. Tuy nhiên, cậu bé bị ngược đãi và không hề biết về thân phận thực sự của mình. Vào sinh nhật thứ 11 của Harry, một người lai khổng lồ là Rubeus Hagrid đã đến tìm cậu bé để đưa cậu về trường Pháp Thuật Hogwarts. Lúc này, Harry mới biết được mình là phù thủy và một phần câu chuyện về cha mẹ mình, những người đã bị Voldemort giết hại. Cùng với trí thông minh và lòng dũng cảm, cậu bé đã cùng những người bạn của mình khám phá những điều bí mật nguy hiểm về thế giới của phép thuật...","[""Phiêu lưu"", ""Tưởng tượng""]","[""Chris Columbus""]","[""Daniel Radcliffe"", ""Rupert Grint"", ""Emma Watson"", ""Richard Harris"", ""Tom Felton"", ""Alan Rickman"", ""Robbie Coltrane"", ""Maggie Smith""]",[]
w2w,https://w2w.vn/phim/hat-duoi-mua/,Hát Dưới Mưa,1952,"Khi quá trình chuyển đổi đang được thực hiện từ phim câm sang phim nói chuyện, mọi người đều gặp khó khăn trong việc thích nghi. Don và Lina đã nhiều lần được chọn vào vai một cặp tình nhân lãng mạn, nhưng khi bộ phim mới nhất của họ được dựng lại thành nhạc kịch, chỉ có Don là người lồng tiếng cho phần hát mới. Sau nhiều lần luyện tập với một huấn luyện viên múa, Lina vẫn nghe rất tệ, và Kathy, một nữ diễn viên trẻ đầy tham vọng, được thuê để thu âm giọng nói của cô ấy.","[""Hài hước"", ""Tình cảm""]","[""Stanley Donen"", ""Gene Kelly""]","[""Gene Kelly"", ""Donald O'Connor"", ""Debbie Reynolds"", ""Jean Hagen"", ""Millard Mitchell"", ""Cyd Charisse"", ""Douglas Fowley"", ""Rita Moreno""]",[]
w2w,https://w2w.vn/phim/haunted-changi-2010/,Haunted Changi (2010),2010,"Haunted Changi (2010) là phim kinh dị giả tài liệu, kể về nhóm làm phim Singapore xâm nhập vào Bệnh viện Changi – nơi bị đồn là ma ám bậc nhất châu Á. Khi họ càng tiến sâu vào bên trong, những hiện tượng siêu nhiên ngày càng đáng sợ và ám ảnh tâm trí từng người.","[""Kinh dị""]","[""Tony Kern"", ""Andrew Lau""]","[""Andrew Lau"", ""Sheena Chung"", ""Farid Azlam.""]",[]
w2w,https://w2w.vn/phim/hay-bat-toi-neu-co-the/,Hãy Bắt Tôi Nếu Có Thể,2002,Một đặc vụ FBI quyết tâm bỏ tù tay lừa đảo gian xảo Frank Abagnale Jr. Nhưng Frank không chỉ trốn thoát tài tình mà còn mê trò đuổi bắt vô cùng.,"[""Chính kịch"", ""Tội phạm""]","[""Steven Spielberg""]","[""Leonardo DiCaprio"", ""Tom Hanks"", ""Christopher Walken"", ""Martin Sheen"", ""Nathalie Baye"", ""Amy Adams"", ""James Brolin"", ""Brian Howe""]",[]
w2w,https://w2w.vn/phim/he-man-va-nhung-chien-binh-vu-tru/,He-Man và Những Chiến Binh Vũ Trụ,2026,"Thương hiệu huyền thoại trở lại màn ảnh rộng. Sau 15 năm thất lạc, Thanh Gươm Quyền Năng đưa Hoàng tử Adam (Nicholas Galitzine) trở về hành tinh Eternia và phát hiện quê hương đã rơi vào sự cai trị tàn bạo của Skeletor (Jared Leto). Để cứu gia đình và thế giới của mình, Adam phải sát cánh cùng những đồng minh thân cận như Teela (Camila Mendes) và Duncan/Man-At-Arms (Idris Elba), đồng thời chấp nhận định mệnh thật sự của mình: trở thành He-Man - người đàn ông mạnh nhất vũ trụ.","[""Hành động"", ""Tưởng tượng"", ""Viễn tưởng""]","[""Travis Knight""]","[""Nicholas Galitzine"", ""Camila Mendes"", ""Idris Elba"", ""Jared Leto"", ""Alison Brie"", ""Jóhannes Haukur Jóhannesson"", ""Jon Xue Zhang"", ""Sam C. Wilson""]",[]
w2w,https://w2w.vn/phim/ho-den-tu-than/,Hố Đen Tử Thần,2014,"Interstellar nói về chuyến hành trình đi tìm một hành tinh mới cho loài người trú ngụ khi mà Trái Đất dần dần không còn là nơi an toàn và sự sống thì đang chết dần với những dịch bệnh trên các loại cây lương thực, đe dọa đến sự tồn tại của loài người một cách mạnh mẽ. Chúng ta sẽ đi theo hành trình của phi hành đoàn gồm Copper, Amelia cùng các thành viên khác trong việc giải cứu các phi hành gia khác đã lên đường khám phá các hành tinh mới để tìm ra hành tinh mới cho loài người trú ngụ","[""Phiêu lưu"", ""Chính kịch"", ""Viễn tưởng""]","[""Christopher Nolan""]","[""Matthew McConaughey"", ""Anne Hathaway"", ""Michael Caine"", ""Jessica Chastain"", ""Casey Affleck"", ""Wes Bentley"", ""Topher Grace"", ""Mackenzie Foy""]",[]
w2w,https://w2w.vn/phim/hoa-mau/,Hoa Máu,2026,"Hoa Máu - Bloody Flower kể về Lee U Gyeom, kẻ sát nhân hàng loạt nắm giữ công nghệ y học cứu người. Phim xoay quanh cuộc đấu trí giữa luật sư muốn cứu con và công tố viên đòi công lý. Liệu hắn là tội đồ hay hy vọng cuối cùng? Một tác phẩm tâm lý tội phạm đầy gai góc về đạo đức và sự sống.","[""Tội phạm"", ""Chính kịch""]","[""-""]","[""려운"", ""성동일"", ""금새록"", ""신승환"", ""이나라"", ""윤채나""]",[]
w2w,https://w2w.vn/phim/hoa-moc-lan/,Hoa Mộc Lan,1998,"Nội dung bộ phim hoạt hình dựa theo một câu chuyện dân gian nổi tiếng của Trung Quốc kể về cô gái giả trai ra trận thường được biết đến dưới cái tên Hoa Mộc Lan. Tuyệt phẩm này của Walt Disney được đề cử một giải Oscar cho “Nhạc phim hay nhất” năm 1999. Mulan (Ming-Na Wen lồng tiếng) là người con duy nhất trong gia đình danh giá. Mặc dù luôn cố gắng làm vừa lòng mẹ cha nhưng dường như cô luôn khiến họ phải thất vọng. Khi quân giặc tới xâm chiếm bờ cõi Trung Hoa, thanh niên trai tráng đều hăng hái ghi tên đi lính. Fa Zhou (Soon-Tek Oh) người cha già của Mulan vốn bị thương và không thể đi vững nhưng vẫn muốn ra trận chiến đấu vì đất nước và vì danh dự của dòng họ. Quá thương cha già phải đi tòng quân, Mulan liền lấy áo giáp và ngựa cải trang thành một người đàn ông, đứng trước bàn thờ tổ tiên khấn vái mong được phù hộ rồi thay cha ra trận. Mushu (Eddie Murphy) một con rồng nhỏ đã được phái đi để bảo vệ Mulan trong khi chiến đấu.","[""Hoạt hình"", ""Gia đình"", ""Phiêu lưu""]","[""Tony Bancroft"", ""Barry Cook""]","[""Ming-Na Wen"", ""Eddie Murphy"", ""BD Wong"", ""Miguel Ferrer"", ""Harvey Fierstein"", ""Freda Foh Shen"", ""June Foray"", ""James Hong""]",[]
w2w,https://w2w.vn/phim/hoc-vien-do-den/,Học viện đỏ đen,2025,"Tại một trường tư thục nơi cờ bạc quyết định địa vị xã hội, một học sinh mới tài năng có quá khứ bí ẩn đang khuấy động mọi chuyện và quyết tâm trả thù.","[""Chính kịch"", ""Bí ẩn"", ""Tội phạm""]","[""Simon Barry""]","[""Miku Martineau"", ""Ayo Solanke"", ""Eve Edwards"", ""Clara Alexandrova"", ""Hunter Cardinal"", ""Anwen O'Driscoll"", ""Aviva Mongillo"", ""Ryan Sutherland""]",[]
w2w,https://w2w.vn/phim/hom-nay-lai-ban-het/,Hôm Nay Lại Bán Hết,2026,"Một nữ MC bán hàng qua truyền hình cuồng công việc về vùng quê để vực dậy chương trình của mình, nhưng một chàng nông dân bí ẩn khiến mọi kế hoạch – và cả trái tim cô – chao đảo.","[""Hài hước"", ""Chính kịch""]","[""Ahn Jong-yeon"", ""진승희""]","[""Ahn Hyo Seop"", ""채원빈"", ""김범"", ""윤병희"", ""고두심"", ""박예영"", ""윤재찬"", ""조복래""]",[]
w2w,https://w2w.vn/phim/hong-hoang-nuoc-my/,Hồng hoang nước Mỹ,2025,"Chạy trốn khỏi quá khứ, người mẹ nọ cùng con trai thành lập một gia đình mới trong khi đương đầu với bối cảnh khắc nghiệt của sự tự do lẫn sự tàn ác ở miền Tây nước Mỹ.","[""Miền Tây"", ""Chính kịch"", ""Phiêu lưu""]","[""Mark L. Smith""]","[""Taylor Kitsch"", ""Betty Gilpin"", ""Dane DeHaan"", ""Saura Lightfoot-Leon"", ""Derek Hinkey"", ""Joe Tippett"", ""Jai Courtney"", ""Preston Mota""]",[]
w2w,https://w2w.vn/phim/hong-sung-vo-hinh/,Họng Súng Vô Hình,2025,"Trung úy Frank Drebin Jr nối nghiệp cha, điều tra phá án. Chỉ có ông là người duy nhất có kỹ năng đặc biệt để cứu sở cảnh sát khỏi nguy cơ đóng cửa.","[""Hài hước""]","[""Akiva Schaffer""]","[""Liam Neeson"", ""Pamela Anderson"", ""Paul Walter Hauser"", ""CCH Pounder"", ""Kevin Durand"", ""Cody Rhodes"", ""Liza Koshy"", ""Eddie Yu và Danny Huston.""]",[]
w2w,https://w2w.vn/phim/huyet-ngai-ai-tinh/,Huyết Ngải Ái Tình,2026,"Một người chồng. Hai người vợ. Ba số phận bị trói buộc bởi tình yêu, lòng tham và những lời nguyền không thể hóa giải. Phía sau vẻ ngoài của một gia đình tưởng chừng viên mãn là cuộc chiến ngầm giữa đam mê, sự chiếm hữu và những nghi thức tà thuật. Khi bùa ngải trở thành công cụ níu giữ tình yêu, mọi ranh giới giữa đúng và sai dần biến mất, để lại một vòng xoáy của sự phản bội, oán hận và nghiệp báo.","[""Kinh dị""]","[""-""]","[""-""]",[]
w2w,https://w2w.vn/phim/ikusagami-chien-than-samurai/,Ikusagami: Chiến thần samurai,2025,"Đầu thời kỳ Minh Trị, Shujiro, từng được biết đến là một samurai bất bại, quyết định tham gia trò chơi sinh tồn chết chóc để cứu gia đình và dân làng.","[""Phiêu lưu"", ""Chính kịch""]","[""-""]","[""Okada Junichi"", ""藤﨑ゆみあ"", ""清原果耶"", ""Higashide Masahiro"", ""早乙女太一"", ""遠藤雄弥"", ""伊藤英明"", ""Abe Hiroshi""]",[]
w2w,https://w2w.vn/phim/ironheart/,Ironheart,2025,"Lấy bối cảnh sau các sự kiện của “Black Panther: Wakanda Forever”, Riri trở lại Chicago và tiếp tục theo đuổi lý tưởng của mình. Song hành trình này không hề dễ dàng, khi Riri sớm bị cuốn vào một cuộc đối đầu gây cấn với Parker Robbins, hay còn gọi là The Hood (Anthony Ramos thủ vai), một phản diện bí ẩn sử dụng phép thuật. Cuộc đối đầu giữa công nghệ và ma thuật hứa hẹn là trục xung đột chính, tạo nên màu sắc riêng cho loạt phim.","[""Viễn tưởng"", ""Tội phạm"", ""Phiêu lưu""]","[""Chinaka Hodge""]","[""Dominique Thorne"", ""Lyric Ross"", ""Manny Montana"", ""Matthew Elam"", ""Anji White"", ""Eric André"", ""Sonia Denis"", ""Shea Couleé""]",[]
w2w,https://w2w.vn/phim/joko-anwar-ac-mong-va-mo-ngay/,Joko Anwar – Ác mộng và mơ ngày,2024,Các câu chuyện về hiện tượng khoa học viễn tưởng siêu nhiên mở ra trong hợp tuyển gồm 7 câu chuyện xoắn não liên quan đến nhau mà biên kịch kiêm đạo diễn Joko Anwar tưởng tượng ra.,"[""Viễn tưởng"", ""Chính kịch"", ""Bí ẩn""]","[""Joko Anwar""]","[""-""]",[]
w2w,https://w2w.vn/phim/kaulitz-kaulitz/,Kaulitz & Kaulitz,2024,Hai anh em siêu sao sinh đôi Tom và Bill Kaulitz hé lộ cuộc sống riêng tư của họ ở Los Angeles và Đức trong chương trình thực tế hài hước và gần gũi này.,"[""Truyền hình""]","[""-""]","[""Bill Kaulitz"", ""Tom Kaulitz""]",[]
w2w,https://w2w.vn/phim/ke-doc-tai-vi-dai/,Kẻ Độc Tài Vĩ Đại,1940,Nhà độc tài Adenoid Hynkel cố gắng mở rộng đế chế của mình trong khi một thợ cắt tóc Do Thái nghèo cố gắng tránh sự đàn áp từ chế độ của Hynkel.,"[""Hài hước"", ""Chiến tranh""]","[""Charlie Chaplin""]","[""Charlie Chaplin"", ""Paulette Goddard"", ""Jack Oakie"", ""Reginald Gardiner"", ""Henry Daniell"", ""Billy Gilbert"", ""Grace Hayle"", ""Carter DeHaven""]",[]
w2w,https://w2w.vn/phim/ke-phe-thai/,Kẻ Phế Thải,2026,"Hy vọng về một khởi đầu mới sau khi ra tù của Taylor bị đe dọa bởi sự xuất hiện của người bạn tù Dee. Khi Dee che chở cho Taylor, một vụ tấn công tàn bạo đã thử thách mối quan hệ của họ, buộc Taylor phải lựa chọn giữa việc bảo vệ Dee và cơ hội tự do của chính mình.","[""Tội phạm"", ""Chính kịch"", ""Giật gân""]","[""Cal McMau""]","[""David Jonsson"", ""Tom Blyth"", ""Alex Hassell"", ""Neil Linpow"", ""Paul Hilton"", ""Corin Silva"", ""Layton Blake"", ""Jack Barker""]",[]
w2w,https://w2w.vn/phim/ke-sat-nhan-cuong-tin/,Kẻ Sát Nhân Cuồng Tín,2000,"Dựa vào cuốn tiểu thuyết của Bret Easton Ellis, American Psycho kể về tên tâm thần giết người hàng loạt Patrick Bateman (Christian Bale). Ở tuổi 27, trong mắt mọi người Patrick là một nhân viên hội đủ những tố chất mà mọi người ao ước: đẹp trai, lịch lãm, có trí thức và gia thế vững chãi. Nhưng có lẽ chính vì vậy mà ông trời phải tạo ra một khuyết điểm nơi Patrick để bù đắp những gì mà gã có. Đó chính là lòng đố kỵ, một khuyết điểm đôi khi trở thành một mối nguy hiểm khôn lường.","[""Giật gân"", ""Chính kịch"", ""Tội phạm""]","[""Mary Harron""]","[""Christian Bale"", ""Justin Theroux"", ""Josh Lucas"", ""Bill Sage"", ""Chloë Sevigny"", ""Reese Witherspoon"", ""Samantha Mathis"", ""Matt Ross""]",[]
w2w,https://w2w.vn/phim/ke-thu-hoang-gia-cua-toi/,Kẻ Thù Hoàng Gia Của Tôi,2026,"Một ác nữ thời Joseon bị ban chết bỗng tỉnh dậy ở Seoul thời hiện đại. Tại đó, một người thừa kế tập đoàn tài phiệt tàn nhẫn có thể là cơ hội cuối để cô thay đổi số phận của mình.","[""Chính kịch"", ""Hài hước"", ""Viễn tưởng""]","[""강현주"", ""Han Tae-sob""]","[""임지연"", ""Heo Nam-jun"", ""장승조"", ""김민석"", ""이세희"", ""윤병희"", ""윤주상"", ""Chae Seo-an""]",[]
w2w,https://w2w.vn/phim/ke-thuan-hoa-yeu-nhat-bat-dau-hanh-trinh-nhat-rac/,Kẻ Thuần Hóa Yếu Nhất Bắt Đầu Hành Trình Nhặt Rác,2024,"Trong thế giới của Ivy, những vì sao là tất cả mọi thứ. Cô ấy là một Người Huấn Luyện, sinh ra để khuất phục quái vật và động vật, nhưng cô ấy cũng sinh ra không có vì sao nào! Với cuộc sống của mình đang gặp nguy hiểm, Ivy bỏ chạy vào khu rừng nơi cô kết bạn với một viên nhầy yếu đuối tên là Sora - loài sinh vật duy nhất cô có thể huấn luyện. Cùng nhau, cặp đôi không tưởng này bắt đầu hành trình, giữ lại rác rưởi để tồn tại. Trên đường đi, họ sẽ chinh phục trái tim, tránh né nguy hiểm và khám phá ra rằng có nhiều điều hơn trong Ivy không có vì sao mà mắt thường thấy!","[""Hoạt hình"", ""Phiêu lưu"", ""Viễn tưởng""]","[""-""]","[""鈴木愛奈"", ""田村睦心"", ""平野文"", ""三宅健太"", ""鳥海浩輔"", ""てらそままさき"", ""八代拓"", ""安元洋貴""]",[]
w2w,https://w2w.vn/phim/ke-trom-mat-trang/,Kẻ Trộm Mặt Trăng,2010,"Nhân vật tâm điểm của bộ phim là Gru, một tên tội phạm khét tiếng. Gru và đám tay chân robot tí hon chuyên đi đánh cắp những biểu tượng nổi tiếng của thế giới. Thế nhưng tiếng xấu của Gru bị suy giảm khi tên tội phạm trẻ tuổi Vector đã ăn cắp kim tự tháp của Ai Cập. Gru quyết định làm phi vụ có một không hai cho thế giới phải bái phục: ăn cắp mặt trăng. Trước tiên, Gru phải đánh cắp khẩu súng có khả năng thu nhỏ mọi vật từ quân đội. Nhưng Vector đã nẫng tay trên khẩu súng thần kỳ từ Gru. Mọi kế hoạch giành lại cây súng của Gru đều bị Vector đánh bại. Cuối cùng, Gru nghĩ ra cách dùng ba đứa trẻ của viện mồ côi xâm nhập sào huyệt của Vector. Thế nhưng ba đứa trẻ Margo, Edith, Agnes đã cảm hóa Gru bằng sự ngây thơ, hướng thiện của mình.","[""Hoạt hình"", ""Hài hước"", ""Tội phạm"", ""Gia đình""]","[""Chris Renaud"", ""Pierre Coffin""]","[""Steve Carell"", ""Jason Segel"", ""Russell Brand"", ""Julie Andrews"", ""Will Arnett"", ""Kristen Wiig"", ""Miranda Cosgrove"", ""Dana Gaier""]",[]
w2w,https://w2w.vn/phim/ke-vo-danh-2/,Kẻ Vô Danh 2,2025,"Kẻ Vô Danh 2 (Nobody 2) đánh dấu sự trở lại của Bob Odenkirk trong vai Hutch Mansell – người cha tưởng chừng bình thường nhưng ẩn chứa quá khứ sát thủ đầy nguy hiểm. Sau những sự kiện trong phần đầu tiên, Hutch cùng gia đình quyết định tận hưởng một kỳ nghỉ yên bình. Tuy nhiên, quá khứ đen tối của anh nhanh chóng quay trở lại, kéo theo những mối đe dọa mới.","[""Hành động"", ""Hài hước"", ""Giật gân""]","[""Timo Tjahjanto""]","[""Bob Odenkirk"", ""Connie Nielsen"", ""John Ortiz"", ""Colin Hanks"", ""RZA"", ""Colin Salmon"", ""Christopher Lloyd"", ""Sharon Stone""]",[]
w2w,https://w2w.vn/phim/keo-ngot-tinh-yeu/,Kẹo ngọt tình yêu,2026,Một công tố viên đầy tham vọng bị mất trí nhớ và chuyển đến sống cùng một huấn luyện viên quyền Anh tự nhận là bạn trai cô. Liệu tình huống éo le này có dẫn đến tình yêu đích thực?,"[""Chính kịch"", ""Hài hước""]","[""김장한"", ""모지혜""]","[""Jung Hae In"", ""하영"", ""허성태"", ""전배수"", ""서정연"", ""Jang Hye-jin"", ""김미화"", ""차청화""]",[]
w2w,https://w2w.vn/phim/khi-bo-gap-me/,Khi Bố Gặp Mẹ,2005,"Năm 2030, khi ông bố Ted Mosby, kể lại cho các con của mình về những sự kiện dẫn đến cuộc gặp mặt giữa anh và vợ mình. Quay lại năm 2005, khi anh chàng kĩ sư 27 tuổi, Ted cảm thấy muốn kết hôn sau khi cậu bạn cùng phòng, Marshall đính hôn với cô bạn thân từ thời đại học của anh, Lily sau 9 năm hẹn hò lãng mạn. Với sự giúp đỡ của ""chuyên gia tán gái"" Barney, Ted đã gặp phải tiếng sét ái tình với Robin, những tưởng đó là người phụ nữ của đời mình, nhưng rốt cục lại là ""dì"" Robin của hai đứa nhỏ. Và rồi, ông bố Ted của chúng lại tiếp tục hành trình tìm kiếm cùng với sự giúp đỡ của 4 người bạn. Mỗi tập phim là một câu chuyện nhỏ, dí dỏm và vui nhộn, mang đến cho các bạn những tràng cười sảng khoái và thư giãn, đồng thời cũng ẩn chứa nhiều thông điệp ý nghĩa.","[""Hài hước""]","[""Craig Thomas"", ""Carter Bays""]","[""Josh Radnor"", ""Neil Patrick Harris"", ""Jason Segel"", ""Alyson Hannigan"", ""Cobie Smulders"", ""Cristin Milioti""]",[]
w2w,https://w2w.vn/phim/khi-cuoc-doi-cho-ban-qua-quyt/,Khi cuộc đời cho bạn quả quýt,2025,"Ở Jeju, câu chuyện về một cô nàng nhiệt huyết và chàng trai kiên cường trên đảo nảy nở thành câu chuyện trọn đời đầy thăng trầm, minh chứng tình yêu vẫn trường tồn theo thời gian.","[""Chính kịch""]","[""임상춘"", ""김원석""]","[""IU"", ""박보검"", ""문소리"", ""박해준""]",[]
w2w,https://w2w.vn/phim/khi-ta-25/,Khi Ta 25,2023,"Tuệ Lâm (Midu) một quản lý nghệ sĩ trẻ với tâm huyết cháy bỏng dành cho nhóm nhạc của mình - The Air. Tuy nhiên một biến cố lớn xảy ra khiến mọi dự định dành cho nhóm bị trì hoãn, còn Tuệ Lâm phải sang Hàn Quốc làm việc. Ngay sau khi trở về, cô quyết tâm khôi phục lại nhóm nhạc đầu tiên mà mình quản lý trong sự nghiệp và cho họ một màn debut xứng đáng.","[""Chính kịch"", ""Tình cảm"", ""Hài hước""]","[""Luk Vân""]","[""Lê Dương Bảo Lâm"", ""Him Phạm"", ""Lãnh Thanh"", ""Midu"", ""Tiko Tien Cong"", ""Nguyen Anh Dung"", ""LEON""]",[]
w2w,https://w2w.vn/phim/kiem-com-bang-tro-choi-sinh-tu/,Kiếm Cơm Bằng Trò Chơi Sinh Tử,2026,"Yuki kiếm sống bằng các trò chơi tử thần. Nhưng khi tỉnh dậy trong dinh thự cùng năm cô gái khác, liệu cô có sống sót trong mê cung chết người mới với vô số phòng khóa kín và bẫy?","[""Hoạt hình"", ""Phiêu lưu""]","[""-""]","[""三浦千幸""]",[]
w2w,https://w2w.vn/phim/kien-tuong/,Kiện Tướng,2025,"Kiện Tướng là một bộ phim hành động hài hước, xoay quanh nhóm cựu vận động viên quốc gia Yoon Dong Joo (Park Bo Gum), Ji Han Na (Kim So Hyun), Kim Jong Hyun (Lee Sang Yi), Go Man Sik (Heo Sung Tae) và Shin Jae Hong (Tae Won Suk). Họ trở thành cảnh sát thông qua một chương trình tuyển dụng đặc biệt. Đổi huy chương lấy phù hiệu, cả nhóm bước vào một xã hội đầy rẫy tham nhũng, lừa dối và bất công.","[""Tội phạm"", ""Hài hước"", ""Phiêu lưu"", ""Chính kịch""]","[""심나연"", ""이대일""]","[""박보검"", ""김소현"", ""오정세"", ""이상이"", ""허성태"", ""태원석"", ""서현철"", ""정만식""]",[]
w2w,https://w2w.vn/phim/kiep-sau-tha-lay-thang-khac/,Kiếp Sau Thà Lấy Thằng Khác,2024,"Khi cháu gái của một gia đình yakuza ở Osaka được gả cho cháu trai của một đối thủ ở Tokyo, cô phát hiện ra có gì đó rùng rợn đằng sau nụ cười dịu dàng của anh.","[""Hoạt hình"", ""Tội phạm"", ""Hài hước"", ""Chính kịch""]","[""-""]","[""上田瞳"", ""石田彰"", ""遊佐浩二"", ""上田燿司"", ""中井和哉"", ""竹内良太"", ""下崎紘史"", ""小西克幸""]",[]
w2w,https://w2w.vn/phim/kiet-tac-cua-ve-dep/,Kiệt Tác Của Vẻ Đẹp,2017,"Franek là một hoạ sĩ tài năng cùng với trợ lý Hazel, được một nhà thổ thuê vẽ một bức tranh hy vọng việc kinh doanh sẽ khá hơn. Mặc dù các đối tượng của ông tại nhà chứa là những cô gái đẹp, nhưng Franek không thể vừa ý với các cô gái ấy làm mẫu. Julia một thôn nữ xinh đẹp vừa trốn chạy thoát khỏi cuộc hôn nhân cưỡng ép với người chồng già và độc ác. Cô được giới thiệu với Franek, chàng họa sĩ ngất ngây với nét quyến rũ thanh tươi của nàng, nàng là mẫu người mà Franek tìm kiếm bấy lâu nay. Với tài năng nghệ thuật và ái tình thăng hoa, Franek đã làm nên một kiệt tác tuyệt vời.","[""Chính kịch"", ""Tình cảm""]","[""Maxim Ford""]","[""Danielle Rose"", ""Taylor Sands"", ""Paweł Hajnos"", ""Magdalena Bochan-Jachimek"", ""Joanna Mazewska"", ""Joanna Sobocinska"", ""Lidia Banach"", ""Misha Czumaczenko""]",[]
w2w,https://w2w.vn/phim/kieu-hanh-va-dinh-kien/,Kiêu Hãnh và Định Kiến,2005,Elizabeth Bennet cứng đầu (Keira Knightley) và quý ngài Darcy kiêu hãnh (Matthew Macfadyen) xoay xở với cảm xúc của họ trong bản chuyển thể đầy mê hoặc từ tác phẩm của Jane Austen.,"[""Chính kịch"", ""Tình cảm""]","[""Joe Wright""]","[""Keira Knightley"", ""Matthew Macfadyen"", ""Brenda Blethyn"", ""Rosamund Pike"", ""Carey Mulligan"", ""Jena Malone"", ""Talulah Riley"", ""Donald Sutherland""]",[]
w2w,https://w2w.vn/phim/kingsman-to-chuc-hoang-kim/,Kingsman: Tổ Chức Hoàng Kim,2017,"Sau sự kiện ở phần một, Eggsy giờ đây đã trở thành điệp viên chính thức của tổ chức Kingsman. Eggsy cùng chuyên gia công nghệ Merlin và các đồng đội cũ buộc phải chạy sang Mỹ sau khi căn cứ của Kingsman bị phá hủy. Tại đây, họ phải phối hợp cùng các đồng minh thuộc Statesmen, tổ chức điệp viên tại Mỹ, để triệt phá mưu của ác nữ Poppy, vốn là thành viên của The Golden Circle - một hội kín mang mục đích lập lại trật tự thế giới mới.","[""Hành động"", ""Phiêu lưu"", ""Hài hước"", ""Tội phạm""]","[""Matthew Vaughn""]","[""Taron Egerton"", ""Colin Firth"", ""Julianne Moore"", ""Mark Strong"", ""Hanna Alström"", ""Halle Berry"", ""Pedro Pascal"", ""Channing Tatum""]",[]
w2w,https://w2w.vn/phim/kinh-van-hoa/,Kính Vạn Hoa,2024,"Sau sự thành công của hai phim điện ảnh chuyển thể từ hai tác phẩm đình đám của nhà văn Nguyễn Nhật Ánh, một tác phẩm nổi bật khác của nhà văn hiện đại thành công nhất Việt Nam chuẩn bị được đưa lên màn ảnh rộng: “Kính Vạn Hoa”. Và đạo diễn dự án bom tấn này là “đạo diễn trăm tỷ” Võ Thanh Hòa.","[""Hài hước"", ""Phiêu lưu""]","[""Võ Thanh Hòa""]","[""Võ Ngọc Trai"", ""Vũ Long"", ""Anh Đào"", ""Trung Dân"", ""Lâm Vỹ Dạ"", ""Hứa Minh Đạt"", ""Hùng Anh"", ""Phương Duyên""]",[]
w2w,https://w2w.vn/phim/kumanthong-ac-quy-dan-duong/,Kumanthong - Ác Quỷ Dẫn Đường,2026,"Một người mẹ đơn thân, vì tương lai của đứa con trai gần như mù lòa, quyết liều mình băng qua khu rừng ma ám trong đêm tối. Nhưng khi một tà linh từ Alas Roban bắt đầu chiếm hữu đứa trẻ, cô buộc phải đối mặt với những thế lực siêu nhiên kinh hoàng và bước vào hành trình tìm kiếm sự cứu rỗi tâm linh trước khi mất đi tất cả.","[""Chính kịch"", ""Kinh dị"", ""Bí ẩn""]","[""Hadrah Daeng Ratu""]","[""Michelle Ziudith"", ""Rio Dewanto"", ""Fara Shakila"", ""Taskya Namya"", ""Imelda Therinne"", ""Dewi Pakis"", ""Whani Darmawan"", ""Pritt Timothy""]",[]
w2w,https://w2w.vn/phim/ky-bang-ha-luc-dia-troi-dat/,Kỷ Băng Hà: Lục Địa Trôi Dạt,2012,"Đây là phần 4 của loạt phim đuộc đánh giá là một trong loạt phim hoạt hình được yêu thích và thành công nhất mọi thời đại. Trong phần này nhóm bạn Manny (voi ma-mút), Diego (hổ răng kiếm) và Sid (lười tiền sử) sẽ đối mặt với những thử thách mới do các lục địa bị trôi dạt sau trận Đại hồng thủy. Bên cạnh đó phim có sự xuất hiện của nhiều nhân vật mới như: Squint, Captain Gutt, Flynn… Có thể nói với các tình tiết hài hước, vui nhộn, Kỷ băng hà 4 mang tới cho người xem những tiếng cười sảng khoái. Các nhân vật trong phim trở nên sống động với: vui, buồn, yêu, ghét như con người, qua đó phim cũng chuyển tải những bài học nhẹ nhàng về tình cảm cha con, bạn bè, tình yêu. Đây được đánh giá là 1 bộ phim hay với đề cử giải thưởng Kids' Choice Awards 2013","[""Hoạt hình"", ""Hài hước"", ""Phiêu lưu"", ""Gia đình""]","[""Steve Martino"", ""Michael Thurmeier""]","[""Ray Romano"", ""John Leguizamo"", ""Denis Leary"", ""Seann William Scott"", ""Josh Peck"", ""Peter Dinklage"", ""Wanda Sykes"", ""Jennifer Lopez""]",[]
w2w,https://w2w.vn/phim/ky-nghi-cua-mr-bean/,Kỳ Nghỉ Của Mr. Bean,2007,"""Nhờ vào “tài lẻ”, Mr.Bean may mắn trúng giải Nhất trong một cuộc quay xổ số từ thiện ở nhà thờ. Giải thưởng bao gồm một chiếc máy ảnh kỹ thuật số hiện đại, một chuyến du lịch một tuần đến các bãi biển vùng Riveira xinh đẹp ở phía Nam nước Pháp - nơi tổ chức Liên hoan phim quốc tế thường niên Cannes và 200 euro tiền tiêu vặt.Thật thú vị là chuyến du lịch được tổ chức vào đúng thời điểm vùng Riveira đang bận rộn chuẩn bị cho Liên hoan phim Cannes.Mr.Bean lên đường với tất cả sự háo hức và hãnh diện. Trên đường đi, chỉ vì cái tính vụng về đặc trưng của mình, Mr.Bean đã làm Emil - một đạo diễn người Nga cũng đang trên đường đến Cannes với con trai Stepan - bị nhỡ tàu.Mr.Bean bất đắc dĩ vừa phải ...","[""Gia đình"", ""Hài hước""]","[""Steve Bendelack""]","[""Rowan Atkinson"", ""Willem Dafoe"", ""Maxim Baldry"", ""Karel Roden"", ""Emma de Caunes"", ""Steve Pemberton"", ""Jean Rochefort"", ""Michel Winogradoff""]",[]
w2w,https://w2w.vn/phim/ky-nghi-thac-loan/,Kỳ Nghỉ Thác Loạn,2023,"Ba cô gái người Anh đi nghỉ mát để trải qua nghi lễ tuổi trưởng thành - uống rượu, đi club, trong những ngày hè tuyệt vời nhất của cuộc đời.","[""Chính kịch""]","[""Molly Manning Walker""]","[""Mia McKenna-Bruce"", ""Lara Peake"", ""Enva Lewis"", ""Samuel Bottomley"", ""Shaun Thomas"", ""Laura Ambler"", ""Eilidh Loan"", ""Daisy Jelley""]",[]
w2w,https://w2w.vn/phim/lam-giau-voi-ma-2-cuoc-chien-hot-xoan/,Làm Giàu Với Ma 2: Cuộc Chiến Hột Xoàn,2025,"Hành trình đầy bi hài của 5 con người với những toan tính khác nhau nhằm đưa thi thể minh tinh Anh Thư (Ngọc Xuân) về quê nhà, đổi lại, hồn ma của cô hứa sẽ trả cho họ chiếc nhẫn kim cương trị giá 9 tỷ. Ai sẽ là người giành được phần thưởng, hay chuyến đi sẽ bộc lộ phần xấu xa nhất bên trong họ?","[""Hài hước"", ""Giật gân"", ""Bí ẩn""]","[""Nhật Trung""]","[""Tuấn Trần"", ""Diệp Bảo Ngọc"", ""Hoài Linh"", ""Võ Tấn Phát"", ""La Thành"", ""Ngọc Xuân"", ""Thanh Thức""]",[]
w2w,https://w2w.vn/phim/lam-giau-voi-ma/,Làm Giàu Với Ma,2024,"Trong Làm Giàu Với Ma, Tuấn Trần vào vai Lanh - một thanh niên lêu lổng, ngỗ ngược, dính vào cờ bạc nợ nần. Trên quãng đường chạy trốn khỏi đám giang hồ chủ nợ hung hăng, anh vô tình ""đụng"" phải ma nữ Na (Diệp Bảo Ngọc) và bị cô nàng nhờ vả giúp mình tìm gặp đứa con mà cô đã phải lìa xa từ lúc chào đời. Đổi lại, cô sẽ dùng quyền năng tâm linh để giúp anh ""làm giàu"".","[""Hài hước"", ""Gia đình""]","[""Nhật Trung""]","[""Tuấn Trần"", ""Diệp Bảo Ngọc"", ""Hoài Linh"", ""Lê Giang"", ""La Thành"", ""Hoàng Phi"", ""Bình Hưng"", ""Hữu Châu""]",[]
w2w,https://w2w.vn/phim/lan-theo-vet-khoi-smoke/,Lần Theo Vết Khói - Smoke,2025,"Khi một điều tra viên hỏa hoạn miễn cưỡng hợp tác với một thanh tra cảnh sát, cuộc đua ngăn chặn hai kẻ phóng hỏa châm ngòi cho một trò chơi rối rắm đầy bí mật và nghi ngờ.","[""Chính kịch"", ""Tội phạm""]","[""Dennis Lehane""]","[""Taron Egerton"", ""Jurnee Smollett"", ""Hannah Emily Anderson"", ""Greg Kinnear"", ""John Leguizamo"", ""Ntare Guma Mbaho Mwine"", ""Rafe Spall""]",[]
w2w,https://w2w.vn/phim/lang-khat-mau/,Làng Khát Máu,2025,"Biên tập viên tạp chí chuyên điều tra hiện tượng kỳ bí bỗng nhiên mất tích. Người đồng nghiệp trẻ Ozawa Yūki và nhà báo Seno Chihiro bắt đầu lần theo những dấu vết còn sót lại. Những manh mối họ tìm thấy liên quan đến nhiều sự kiện bí ẩn: trẻ em mất tích, các vụ hoảng loạn tập thể, video livestream rùng rợn… Tất cả đều dẫn đến “một nơi nào đó ở vùng Kinki” – một địa điểm đầy ám ảnh mà dường như không ai muốn nhắc tới.","[""Kinh dị"", ""Bí ẩn""]","[""白石晃士""]","[""菅野美穂"", ""赤楚衛二"", ""夙川アトム"", ""佐藤京"", ""のせりん"", ""木村圭作"", ""山田暖絆"", ""菅野莉央""]",[]
w2w,https://w2w.vn/phim/lat-mat-7-mot-dieu-uoc/,Lật Mặt 7: Một Điều Ước,2024,"Thông qua những cảnh đan xen, ẩn chứa vô số nụ cười và nước mắt, Lật Mặt 7: Một Điều Ước là câu chuyện cảm động về người mẹ già 73 tuổi - một bà mẹ đơn thân một mình nuôi 5 đứa con khôn lớn. Khi lớn lên, mỗi người đều tự xây dựng cuộc sống, gia đình cho riêng mình. Đột nhiên, một cơn khủng hoảng ập đến, bộc lộ những góc khuất, những nỗi buồn, lo lắng, gánh nặng hằn sâu trong lòng người mẹ. Trách nhiệm thuộc về ai?","[""Gia đình"", ""Chính kịch""]","[""Lý Hải""]","[""Thanh Hiền"", ""Oanh Kiều"", ""Trương Minh Cường"", ""Quách Ngọc Tuyên"", ""Đinh Y Nhung"", ""Trâm Anh"", ""Kim Hải"", ""Ammy Minh Khuê""]",[]
w2w,https://w2w.vn/phim/lat-mat/,Lật Mặt,1997,"Thanh tra Sean Archer rất căm hận Castor Troy – kẻ đã hại chết con trai anh. Sau một thời gian dài điều tra, nhưng Sean vẫn không tài nào tìm được tung tích của Castor. Lòng căm phẫn tột độ của một người cha mất con đã khiến Sean nghĩ ra một ý tưởng thật táo bạo, nhờ một bác sĩ giải phẫu thẫm mỹ số 1 thế giới, biến anh thành Castor Troy, để với dung mạo này, anh sẽ dễ dàng thâm nhập vào thế giới của Castor và truy tìm quả bom do hắn gài…","[""Hành động"", ""Tội phạm"", ""Viễn tưởng""]","[""吴宇森""]","[""John Travolta"", ""Nicolas Cage"", ""Joan Allen"", ""Alessandro Nivola"", ""Gina Gershon"", ""Dominique Swain"", ""Nick Cassavetes"", ""Harve Presnell""]",[]
w2w,https://w2w.vn/phim/lat-tay-toi-ac/,Lật Tẩy Tội Ác,2025,"Lật Tẩy Tội Ác khi nhóm phóng viên dũng cảm bắt tay vào cuộc truy tìm với những bí ẩn kỳ lạ. Với sự hấp dẫn từ đội trưởng Trigger đầy chí nghĩa và PD theo lối tư duy cực đoan, họ đã không chỉ cứu rỗi một chương trình sắp tan rã mà còn mang lại cho khán giả những trải nghiệm đầy hành động,","[""Hài hước"", ""Tội phạm"", ""Bí ẩn"", ""Chính kịch""]","[""You Sun-dong""]","[""주종혁"", ""김혜수"", ""정성일"", ""이해영"", ""Jang Hye-jin"", ""Kim So-ra"", ""임성미"", ""전진오""]",[]
w2w,https://w2w.vn/phim/len-tieng/,Lên tiếng,2024,"Khi một thiếu nữ 17 tuổi tố cáo vụ tấn công tình dục ở trường cấp 3 của mình, cuộc điều tra làm đảo lộn cuộc đời cô và thử thách các mối quan hệ của cô.","[""Chính kịch""]","[""Miguel Sáez Carral"", ""José Manuel Lorenzo""]","[""Nicole Wallace"", ""Clara Galle"", ""Aïcha Villaverde"", ""Teresa de Mera"", ""Ivan Massagué"", ""Gabriel Guevara"", ""José Pastor"", ""Daniel de Lorenzo""]",[]
w2w,https://w2w.vn/phim/lo-to/,Lô Tô,2017,"Lô Tô lấy cảm hứng từ bộ phim tài liệu từng gây tiếng vang lớn năm 2015 – Chuyến Đi Cuối Cùng Của Chị Phụng, Lô Tô là câu chuyện cảm động về những phận đời phận người trong lô tô hội chợ. Có những tiếng cười vui vẻ nhưng cũng không thiếu những giọt nước mắt rơi.","[""Gia đình"", ""Hài hước""]","[""Huỳnh Tuấn Anh""]","[""Hữu Châu"", ""Huỳnh Lập"", ""Hải Triều"", ""Minh Dũng""]",[]
w2w,https://w2w.vn/phim/loi-cau-hon/,Lời Cầu Hôn,2009,"Đối mặt với nguy cơ bị trục xuất về Canada, Margaret – một nữ tổng biên tập sách đầy quyền lực đã nhanh trí cứu nguy cho mình bằng cách tuyên bố rằng cô sẽ đính hôn với trợ lý của mình là Andrew, người đã bị cô hành hạ tới bến sau nhiều năm làm việc.","[""Hài hước"", ""Tình cảm"", ""Chính kịch""]","[""Anne Fletcher""]","[""Sandra Bullock"", ""Ryan Reynolds"", ""Malin Åkerman"", ""Craig T. Nelson"", ""Mary Steenburgen"", ""Betty White"", ""Denis O'Hare"", ""Oscar Nuñez""]",[]
w2w,https://w2w.vn/phim/loi-sam-truyen/,Lời Sấm Truyền,1979,"Lời Sấm Truyền là một kiệt tác thuộc dòng phim phản chiến, được xem là một trong những đỉnh cao sáng tạo nhất của nhà đạo diễn Francis Ford Coppola. Bộ phim tái hiện lại cuộc chiến tàn khốc của quân đội Mỹ tại Việt Nam cùng những nguyên nhân sâu xa đã khiến quân đội Mỹ gục ngã.Đây là một tác phẩm gây ám ảnh, nêu bật lên nhiều vấn đề phản chiến đậm tính nhân loại, về bản chất của loài người, và những nỗi đau ghê sợ đến tột cùng, được gói gọn chỉ trong 2 chữ: ""Kinh Hoàng"".Dựa một phần vào tác phẩm của Joseph Conrad, ""The Heart of Darkness"", bộ phim chuyển câu chuyện về thời điểm chiến tranh Việt Nam. Một đại úy lực lượng đặc nhiệm Mỹ được lệnh truy đuổi và ám sát viên đại tá Walter E. Kurtz , người đang dần trở ...","[""Chính kịch"", ""Chiến tranh""]","[""Francis Ford Coppola""]","[""Martin Sheen"", ""Marlon Brando"", ""Frederic Forrest"", ""Albert Hall"", ""Laurence Fishburne"", ""Sam Bottoms"", ""Robert Duvall"", ""G.D. Spradlin""]",[]
w2w,https://w2w.vn/phim/london-that-thu/,London Thất Thủ,2016,Lần này tổng thống Mỹ Benjamin Asher và đặc vụ Mike Banning sẽ đến Anh và vô tình bị cuốn vào 1 nhiệm vụ hết sức khó khăn là giải cứu các nhà lãnh đạo cấp cao các nước khi Thủ tướng Anh đột ngột qua đời và tất cả bọn họ đến Anh để dự lễ tang. Tuy nhiên đây không phải là một đám tang thông thường bởi đằng sau nó là một âm mưu bắt cóc và ám sát những yếu nhân của bọn phản động.,"[""Hành động"", ""Giật gân""]","[""Babak Najafi""]","[""Gerard Butler"", ""Aaron Eckhart"", ""Angela Bassett"", ""Morgan Freeman"", ""Melissa Leo"", ""Robert Forster"", ""Sean O'Bryan"", ""Radha Mitchell""]",[]
w2w,https://w2w.vn/phim/love-death-robots-season-2/,"Love, Death & Robots Season 2",2021,"Một tuyển tập các phim ngắn hoạt hình thuộc nhiều thể loại khác nhau, bao gồm khoa học viễn tưởng, kỳ ảo, kinh dị và hài hước.","[""Viễn tưởng""]","[""Tim Miller""]","[""Fred Tatasciore"", ""Scott Whyte"", ""Emily O'Brien""]",[]
w2w,https://w2w.vn/phim/m3gan-2-0/,M3GAN 2.0,2025,"MEGAN 2.0 lấy bối cảnh 2 năm sau các sự kiện ở phần 1. Lúc này, Gemma phát hiện công nghệ sản xuất MEGAN đã bị đánh cắp. Kẻ gian đã tạo ra một robot AI khác với chức năng tương tự MEGAN, nhưng được trang bị sức mạnh chiến đấu “khủng” hơn mang tên Amelia. Để “đối đầu” với Amelia, Gemma buộc phải “hồi sinh” và cải tiến MEGAN, hứa hẹn một trận chiến “nảy lửa” trên màn ảnh vào năm 2025.","[""Kinh dị""]","[""Gerard Johnstone""]","[""Allison Williams"", ""Violet McGraw"", ""Ivanna Sakhno""]",[]
w2w,https://w2w.vn/phim/magic-maker-cach-tao-ra-phep-thuat-o-the-gioi-khac/,Magic Maker: Cách tạo ra phép thuật ở thế giới khác,2025,"Vào đêm sinh nhật thứ 30 của mình, giấc mơ sử dụng phép thuật của một người đàn ông đã thành hiện thực sau khi anh ta đột ngột qua đời. Anh ta tỉnh dậy trong hình hài Sion, một đứa trẻ ở một thế giới khác. Anh ta và chị gái, Marie, là con của một gia đình quý tộc cấp thấp cai quản khu vực của họ. Sau khi nhận được những thông điệp mâu thuẫn từ cha mình, Sion và Marie bắt đầu cuộc phiêu lưu để khám phá phép thuật.","[""Hoạt hình"", ""Hài hước"", ""Phiêu lưu"", ""Viễn tưởng""]","[""-""]","[""潘めぐみ"", ""加隈亜衣"", ""雨宮天"", ""芹澤優"", ""古賀葵"", ""宮瀬尚也"", ""宮本充"", ""豊口めぐみ""]",[]
w2w,https://w2w.vn/phim/mai/,Mai,2024,"Mai, một nhân viên massage 37 tuổi có quá khứ nhiều vết xước, sống khép kín và bị xã hội dị nghị. Cuộc sống cô thay đổi khi gặp Dương - chàng trai trẻ đào hoa, quyết tâm chinh phục cô. Tình yêu cháy bỏng của họ gặp sóng gió bởi định kiến xã hội, khoảng cách tuổi tác và nỗi sợ hãi của chính Mai.","[""Tình cảm"", ""Chính kịch""]","[""Trấn Thành""]","[""Phương Anh Đào"", ""Tuấn Trần"", ""Trấn Thành"", ""Hồng Đào"", ""Uyển Ân"", ""Ngọc Giàu"", ""Việt Anh"", ""Kim Phương""]",[]
w2w,https://w2w.vn/phim/marty-vo-song/,Marty Vô Song,2025,"Lấy cảm hứng từ cuộc đời có thật của vận động viên bóng bàn huyền thoại Marty Reisman, phim đưa người xem trở lại bối cảnh nước Mỹ những năm 1950. Phim khắc họa sự trỗi dậy của một thiên tài bóng bàn với phong cách thi đấu độc đáo, tự tin và đầy cá tính trong kỷ nguyên vàng của môn thể thao này. Qua đó, tác phẩm không chỉ khai thác những trận đấu kịch tính mà còn đi sâu vào tâm lý và cuộc sống hào nhoáng nhưng cũng đầy áp lực của một ngôi sao giải trí thể thao thời bấy giờ.","[""Chính kịch"", ""Giật gân""]","[""Josh Safdie""]","[""Timothée Chalamet"", ""Gwyneth Paltrow"", ""Odessa A'zion"", ""Kevin O'Leary"", ""Tyler"", ""The Creator"", ""Fran Drescher"", ""Abel Ferrara"", ""Emory Cohen""]",[]
w2w,https://w2w.vn/phim/mat-biec/,Mắt Biếc,2019,"Bộ phim xoay quanh mối tình đơn phương của Ngạn với Hà Lan, cô bạn gái có cặp mắt hút hồn nhưng cá tính bướng bỉnh. Một chuyện tình nhiều cung bậc, từ ngộ nghĩnh trẻ con, rồi tình yêu thuở học trò trong sáng, trải qua bao biến cố, trở thành một cuộc ""đuổi hình bắt bóng"" buồn da diết nhưng không nguôi hi vọng. Câu chuyện càng trở nên éo le hơn khi Trà Long - con gái của Hà Lan lớn lên lại nhen nhóm một tình yêu như thế với Ngạn.","[""Chính kịch"", ""Tình cảm""]","[""Victor Vũ""]","[""Trần Nghĩa"", ""Trúc Anh"", ""Trần Phong"", ""Đỗ Khánh Vân"", ""Nguyễn Lâm Thảo Tâm"", ""Hưng Võ"", ""Phạm Đình Thái Ngân"", ""Lâm Bảo Danh""]",[]
w2w,https://w2w.vn/phim/mat-danh-chim-hoang-yen/,Mật Danh Chim Hoàng Yến,2024,"Mật Danh Chim Hoàng Yến kể về Avery Graves, một đặc vụ bị đẩy vào tình thế hiểm nghèo khi chồng cô bị nhóm khủng bố bắt cóc. Để cứu anh, cô buộc phải đối mặt với lựa chọn tàn khốc: phản bội đất nước mình hay mất đi người thân yêu nhất. Trong cuộc chiến chống lại kẻ thù, Avery phải sử dụng tất cả kỹ năng của mình để vượt qua những âm mưu nguy hiểm và tìm cách bảo vệ cả gia đình lẫn tổ quốc.","[""Hành động"", ""Giật gân"", ""Tội phạm""]","[""Pierre Morel""]","[""Kate Beckinsale"", ""Rupert Friend"", ""Saffron Burrows"", ""Ray Stevenson"", ""Goran Kostić"", ""Ben Miles"", ""Jaz Hutchins"", ""Romina Tonković""]",[]
w2w,https://w2w.vn/phim/mat-khuat-cua-tamon-kun/,Mặt Khuất Của Tamon-kun,2026,"Nhóm nhạc thần tượng F/ACE đang nổi đình nổi đám nhờ Tamon Fukuhara - trưởng nhóm điển trai, có phong cách trình diễn hoang dã và đầy tài năng. Utage Kinoshita, cô gái 17 tuổi, là một fan cuồng nhiệt, hết mình ủng hộ Tamon và làm việc bán thời gian tại công ty dọn dẹp nhà cửa. Một ngày nọ, Utage được giao phụ trách việc chăm sóc căn hộ cho một khách hàng cũng mang tên Tamon và không ngờ người đó chính là thần tượng mà cô hằng ngưỡng mộ. Tuy nhiên, trái ngược với hình ảnh rực rỡ trên sân khấu, anh chàng ngoài đời lại u sầu, thiếu tự tin và cô độc. Quyết tâm bảo vệ bí mật của anh, Utage ở bên động viên Tamon, mở ra những tình huống vừa hài hước vừa ấm áp, phơi bày “mặt sáng” và “mặt tối” của một idol.","[""Hoạt hình"", ""Hài hước""]","[""-""]","[""早見沙織"", ""波多野翔"", ""千葉翔也"", ""畠中祐"", ""天﨑滉平"", ""長岡龍歩""]",[]
w2w,https://w2w.vn/phim/mat-vu-kingsman/,Mật Vụ Kingsman,2015,"Bộ phim kể về một tổ chức điệp viên siêu đẳng sử dụng vũ khí công nghệ cao để chống lại ác nhân Richmond Valentine, một tỷ phú thiên tài với âm mưu xóa sổ phần lớn dân cư trên trái đất để thanh lọc thành một thế giới mới theo ý của mình.","[""Tội phạm"", ""Hài hước"", ""Hành động"", ""Phiêu lưu""]","[""Matthew Vaughn""]","[""Taron Egerton"", ""Colin Firth"", ""Samuel L. Jackson"", ""Mark Strong"", ""Sophie Cookson"", ""Sofia Boutella"", ""Michael Caine"", ""Edward Holcroft""]",[]
w2w,https://w2w.vn/phim/mat-vu-phu-ho/,Mật Vụ Phụ Hồ,2025,"Levon Cade - cựu biệt kích tinh nhuệ thuộc lực lượng Thủy quân Lục chiến Hoàng gia Anh. Sau khi nghỉ hưu, anh sống cuộc đời yên bình là một công nhân xây dựng tại Chicago (Mỹ). Levon có mối quan hệ rất tốt với gia đình ông chủ Joe Garcia (Michael Peña). Một ngày nọ, cô con gái tuổi teen Jenny (Arianna Rivas) của Joe bị bắt cóc khiến chàng cựu quân nhân phải sử dụng lại các kỹ năng giết chóc của mình để giúp đỡ.","[""Hành động"", ""Tội phạm"", ""Giật gân""]","[""David Ayer""]","[""Jason Statham"", ""Jason Flemyng"", ""Merab Ninidze"", ""Maximilian Osinski"", ""Cokey Falkow"", ""Michael Peña"", ""David Harbour"", ""Noemi Gonzalez""]",[]
w2w,https://w2w.vn/phim/me-oi-ve-nha/,"Mẹ Ơi, Về Nhà",2026,"Bị bỏ rơi tại Hàn Quốc từ nhỏ, Huy Hoàng (Lee Yi Kyung) quyết định ôm tro cốt người mẹ nuôi quá cố - Diễm Hạnh (Minh Hà) trở về Việt Nam tìm lại cội nguồn. Tại đây, anh tình cờ giải cứu Diễm My (Hoàng Yến Chibi), một nữ ca sĩ trẻ đang chật vật mưu sinh. Trốn chạy khỏi những hiểm nguy do gã bạn thân giang hồ Park Ha (Choi Daniel) kéo đến, cả hai bước vào hành trình trốn chạy đầy kịch tính để tự chữa lành và tìm lại chính mình.","[""Tình cảm"", ""Chính kịch""]","[""Yun Byungki""]","[""이이경"", ""Hoàng Yến Chibi"", ""최다니엘"", ""Minh Hà""]",[]
w2w,https://w2w.vn/phim/meo-rung/,Mèo Rừng,2025,"Một cựu đội đặc nhiệm bí mật buộc phải tái hợp trong phi vụ cuối cùng mang tính sống còn – một vụ cướp táo bạo nhằm giải cứu con gái 8 tuổi của chỉ huy cũ, khi thời gian cạn dần và quá khứ bạo lực trỗi dậy, họ phải đối mặt với những kẻ thù nguy hiểm, lựa chọn khắc nghiệt và cái giá phải trả cho lòng trung thành.","[""Hành động"", ""Giật gân""]","[""James Nunn""]","[""Kate Beckinsale"", ""Lewis Tan"", ""Alice Krige"", ""Charles Dance"", ""Rasmus Hardiker"", ""Mathilde Warnier"", ""Bailey Patrick"", ""Tom Bennett""]",[]
w2w,https://w2w.vn/phim/mo-dom-dom/,Mộ Đom Đóm,1988,"Bộ phim được đặt trong bối cảnh giai đoạn cuối chiến tranh thế giới thứ 2 ở Nhật, kể về câu chuyện cảm động về tình anh em của hai đứa trẻ mồ côi là Seita và Setsuko. Hai anh em mất mẹ trong một trận bom dữ dội của không quân Mỹ khi cha của chúng đang chiến đấu cho Hải quân Nhật. Hai đứa bé phải vật lộn giữa nạn đói, giữa sự thờ ơ của những người xung quanh (trong đó có cả người cô họ của mình)...","[""Hoạt hình"", ""Chính kịch"", ""Chiến tranh""]","[""Takahata Isao""]","[""辰巳努"", ""白石綾乃"", ""志乃原良子"", ""山口朱美"", ""Masayo Sakai"", ""Kozo Hashida"", ""Kazumi Nozaki"", ""Yoshio Matsuoka""]",[]
w2w,https://w2w.vn/phim/mortal-kombat-cuoc-chien-sinh-tu/,Mortal Kombat: Cuộc Chiến Sinh Tử,2021,"Mortal Kombat: Cuộc Chiến Sinh Tử xoay quanh võ sĩ võ thuật tổng hợp Cole Young (Lewis Tan), người mang trên mình một vết chàm rồng đen bí ẩn - biểu tượng của Mortal Kombat. Cole Young không hề biết về dòng máu bí ẩn đang chảy trong người anh, hay vì sao anh lại bị tên sát thủ Sub-Zero (Joe Taslim) săn lùng. Vì sự an nguy của gia đình, Cole cùng với một nhóm những chiến binh đã được tuyển chọn để tham gia vào một trận chiến đẫm máu nhằm chống lại những kẻ thù đến từ Outworld.","[""Hành động"", ""Tưởng tượng"", ""Phiêu lưu""]","[""Simon McQuoid""]","[""Lewis Tan"", ""Jessica McNamee"", ""Mehcad Brooks"", ""Josh Lawson"", ""Ludi Lin"", ""Max Huang"", ""浅野忠信"", ""Chin Han""]",[]
w2w,https://w2w.vn/phim/mot-nam-de-song/,Một Năm Để Sống,2020,"Phim kể về Daryn, 17 tuổi, người phát hiện ra rằng bạn gái của mình không còn sống được bao lâu nữa. Anh ấy đặt ra kế hoạch trong 1 năm cho cuộc sống của cô ấy trước khi cô ấy ra đi.","[""Chính kịch"", ""Tình cảm""]","[""Mitja Okorn""]","[""Jaden Smith"", ""Cara Delevingne"", ""Cuba Gooding Jr."", ""Chris D'Elia"", ""JT Neal"", ""Stony Blyden"", ""Peter MacNeill"", ""RZA""]",[]
w2w,https://w2w.vn/phim/mua-do/,Mưa đỏ,2025,"Chuyển thể từ tiểu thuyết cùng tên của nhà văn Chu Lai, Mưa Đỏ khắc họa câu chuyện bi hùng của Tiểu đội 1 - gồm các học sinh, sinh viên tình nguyện – trong suốt 81 ngày đêm chiến đấu bảo vệ Thành cổ Quảng Trị năm 1972, thể hiện tinh thần đoàn kết, hy sinh vì Tổ quốc giữa bom đạn khốc liệt.","[""Chính kịch"", ""Lịch sử"", ""Chiến tranh""]","[""Đặng Thái Huyền""]","[""Đỗ Nhật Hoàng"", ""Lê Hạ Anh"", ""Steven Nguyễn"", ""Phương Nam"", ""Lê Hoàng Long"", ""Lâm Thanh Nhã"", ""Nguyễn Hùng"", ""Đình Khang""]",[]
w2w,https://w2w.vn/phim/muon-kiep-nhan-duyen/,Muôn Kiếp Nhân Duyên,2023,"Hai người bạn thời thơ ấu bị chia cắt sau khi gia đình một người di cư từ Hàn Quốc. Hai thập kỷ sau, họ đoàn tụ ở New York trong một tuần khi họ đối mặt với những quan niệm về số phận, tình yêu và những lựa chọn tạo nên cuộc đời.","[""Chính kịch"", ""Tình cảm""]","[""Celine Song""]","[""Greta Lee"", ""유태오"", ""John Magaro"", ""문승아"", ""임승민"", ""윤지혜"", ""최원영"", ""안민영""]",[]
w2w,https://w2w.vn/phim/my-vi-ham-nguc/,Mỹ vị hầm ngục,2024,"Hầm ngục, rồng... và món quái vật hầm thơm ngon!? Các nhà thám hiểm đột nhập vào vương quốc trúng lời nguyền bị chôn vùi để cứu bạn mình và gây náo loạn trên đường đi.","[""Hoạt hình"", ""Hài hước"", ""Phiêu lưu"", ""Viễn tưởng""]","[""-""]","[""熊谷健太郎"", ""千本木彩花"", ""泊明日菜"", ""中博史""]",[]
w2w,https://w2w.vn/phim/nang-bach-tuyet/,Nàng Bạch Tuyết,2025,"Câu chuyện của Nàng Bạch Tuyết ban đầu cũng giống như cổ tích, khi nàng công chúa mới chào đời, mang niềm vui và sự ấm áp tới cả vương quốc xinh đẹp. Mẹ mất sớm, cha bao bọc nàng bằng tất cả tình yêu thương, dạy nàng phải sống không sợ hãi, công bằng, dũng cảm và chân thành. Bạch Tuyết càng lớn lên càng lay động lòng người, với vẻ đẹp thuần khiết như ánh nắng ban mai và một trái tim thiện lương, nhân hậu. Thế nhưng, những ngày tháng vui vẻ không kéo dài lâu khi cha cô cũng qua đời. Ngày hoàng hậu mới lên ngôi, bóng tối bao trùm cả vương quốc. Độc ác và đầy dã tâm, ả không có lòng khoan dung, sẵn sàng trừng phạt bất cứ ai dám làm trái lệnh. Sự ghen ghét, đố kỵ của mẹ kế đẩy Bạch Tuyết vào cảnh nguy hiểm. Nàng phải chạy trốn vào rừng sâu, nơi cuộc phiêu lưu của nàng bắt đầu với những người bạn tốt bụng mới.","[""Gia đình"", ""Tưởng tượng""]","[""Marc Webb""]","[""Rachel Zegler"", ""Gal Gadot"", ""Andrew Burnap"", ""Andrew Barth Feldman"", ""Emilia Faucher"", ""Jeremy Swift"", ""Jason Kravits"", ""Martin Klebba""]",[]
w2w,https://w2w.vn/phim/nang-lotita/,Nàng Lotita,1997,"Lolita 1997 được chuyển thể từ tác phẩm văn học cùng tên nổi tiếng của nhà văn Vladimir Nabokov, kể về mối tình bất thường và vĩ đại của giáo sư Humbert dành cho con riêng của vợ, Dolores Haze, hay còn gọi là Lolita. Tuy nhiên, ở một góc độ khác, nhiều khán giả nhận xét rằng Lolita phản ánh hiện tượng ""ấu dâm"", những ám ảnh tình dục của một người đàn ông trung niên dành cho cô bé nhỏ tuổi hơn, ở bất cứ thời đại nào, hay bất cứ xã hội nào.","[""Chính kịch""]","[""Adrian Lyne""]","[""Jeremy Irons"", ""Dominique Swain"", ""Melanie Griffith"", ""Frank Langella"", ""Suzanne Shepherd"", ""Keith Reddin"", ""Erin J. Dean"", ""Joan Glover""]",[]
w2w,https://w2w.vn/phim/nanny-mcphee-va-vu-no-big-bang/,Nanny McPhee và Vụ Nổ Big Bang,2010,"Lâm vào cảnh khốn đốn, người đàn ông góa vợ tốt bụng và bảy người con tinh nghịch nhờ một bảo mẫu có phép thuật giúp họ ổn định gia đình.","[""Hài hước"", ""Tưởng tượng"", ""Gia đình""]","[""Susanna White""]","[""Emma Thompson"", ""Asa Butterfield"", ""Lil Woods"", ""Oscar Steer"", ""Rosie Taylor-Ritson"", ""Eros Vlahos"", ""Ralph Fiennes"", ""Maggie Gyllenhaal""]",[]
w2w,https://w2w.vn/phim/neu-ta-chua-tung-thay-thai-duong/,Nếu Ta Chưa Từng Thấy Thái Dương,2025,"Khi một sát nhân hàng loạt khét tiếng được một phụ nữ trẻ phỏng vấn cho một bộ phim, quá khứ hé lộ vô số tổn thương và nỗi đau khổ sâu sắc liên quan đến mối tình đầu của anh.","[""Tội phạm"", ""Chính kịch"", ""Bí ẩn""]","[""Chi-Feng Chien""]","[""曾敬驊"", ""李沐"", ""譚善謙""]",[]
w2w,https://w2w.vn/phim/new-saga/,New Saga,2025,"Sau một cuộc chiến tàn khốc, ma kiếm sĩ Kyle đã đánh bại Ma Vương nhưng bản thân cũng đang trên bờ vực của cái chết. Một viên pha lê đỏ thẫm đã đưa cậu quay về quá khứ bốn năm trước. Cậu trở về quê nhà đã từng bị phá hủy và thấy rằng những người thân yêu mà cậu đã mất vẫn còn sống. Được trang bị kiến thức từ tương lai, Kyle thề sẽ ngăn chặn thảm kịch sắp xảy ra và viết lại định mệnh.","[""Hoạt hình"", ""Phiêu lưu"", ""Viễn tưởng""]","[""-""]","[""内田雄馬"", ""下野紘"", ""ファイルーズあい"", ""瀬戸麻沙美"", ""髙橋ミナミ"", ""安元洋貴"", ""前田佳織里"", ""引坂理絵""]",[]
w2w,https://w2w.vn/phim/ngay-cua-cho-rung/,Ngày Của Chó Rừng,2024,"Bộ phim kể về một sát thủ chuyên nghiệp có biệt danh là Jackal (Chó Rừng). Anh được thuê để thực hiện một nhiệm vụ ám sát quan trọng với mức giá cao. Trong khi đó, Bianca Pullman, một đặc vụ của MI6, được giao nhiệm vụ ngăn chặn Jackal. Cuộc rượt đuổi căng thẳng và đầy kịch tính giữa Jackal và Pullman diễn ra khắp châu Âu, khiến hai người phải đối đầu trực tiếp trong một trò chơi sinh tử.","[""Chính kịch"", ""Phiêu lưu"", ""Bí ẩn""]","[""Ronan Bennett""]","[""Eddie Redmayne"", ""Lashana Lynch"", ""Eleanor Matsuura"", ""Chukwudi Iwuji"", ""Úrsula Corberó"", ""Adoney Díaz Barajas"", ""Rajko Radovic""]",[]
w2w,https://w2w.vn/phim/nghe-thuat-lua-doi-cua-sarah/,Nghệ thuật lừa dối của Sarah,2026,Một thi thể giữa thị trấn. Một thương hiệu xa xỉ đang lên. Một thanh tra điều tra mọi chi tiết trong câu chuyện liên tục thay đổi của một người phụ nữ. Thực sự đã xảy ra chuyện gì?,"[""Tội phạm"", ""Bí ẩn"", ""Chính kịch""]","[""김진민"", ""추송연""]","[""신혜선"", ""이준혁"", ""박보경"", ""정다빈"", ""신현승"", ""배종옥"", ""김재원""]",[]
w2w,https://w2w.vn/phim/ngoi-den-ky-quai-5/,Ngôi Đền Kỳ Quái 5,2026,"Thương hiệu Kinh dị - Hài Thái Lan ăn khách nhất đã trở lại. Một năm sau khi đánh bại hồn ma Nak Tinn, nhóm bạn của Balloon và First chưa kịp tận hưởng cuộc sống bình yên thì một linh hồn báo thù bất ngờ quay trở lại và săn đuổi họ. Nhưng lần này mục tiêu của Pee Nak không phải là Balloon hay First mà là chú tiểu Nott và những người thân của cậu. Để phá giải lời nguyền “Kẻ nào được yêu thương thì phải chết”, cả nhóm buộc phải quay lại ngôi đền bí ẩn và đối mặt với thế lực tàn ác hơn bao giờ hết!","[""Hài hước"", ""Kinh dị""]","[""Phontharis Chotkijsadarsopon""]","[""วิทวัส รัตนบุญบารมี"", ""ภูริพรรธน์ เวชวงศาเตชาวัชร์"", ""พีรวิชญ์ อรรถชิตสถาพร"", ""Atiwat Saengtien"", ""Khunnapat Pichetworawut"", ""Denkhun Ngamnet"", ""วรวรรธน์ บุญชื่น"", ""แพร มินตรา เชื้อวังคำ""]",[]
w2w,https://w2w.vn/phim/nguoi-hang-xom-toi-te-nhat/,Người Hàng Xóm Tồi Tệ Nhất,2026,"Loạt phim tài liệu căng thẳng này kể lại những câu chuyện có thật về các hàng xóm trở nên nguy hiểm, từ những âm mưu lừa đảo tàn nhẫn đến các hành vi trả thù bạo lực vô nghĩa.","[""Tội phạm"", ""Tài liệu""]","[""Cynthia Childs""]","[""-""]",[]
w2w,https://w2w.vn/phim/nguoi-nhen-3/,Người Nhện 3,2007,"Spider Man 3 là phần tiếp theo của series phim Spider Man. Lần này, tưởng như Peter Parker đã tìm được bình yên trong cuộc sống bên cạnh người anh yêu. Nhưng cậu bạn cũ Harry Osborn khám phá ra bí mật về bộ giáp Green Goblin do người cha quá cố để lại. Cũng đúng lúc này, bỗng có một thứ vật chất biến bộ đồ của Spider-Man thành màu đen và khiến tính khí của Peter Parker đột ngột thay đổi, trở nên cao ngạo hơn bao giờ hết. Rồi thứ vật chất đen bí ẩn kia còn biến Eddie Brock trở thành Venom (Người Nhện Đen) – có những khả năng y hệt như Spider Man. Giờ đây Spider Man phải tìm cách thoát khỏi thứ vật chất gớm ghiếc kia và chuẩn bị cho một cuộc chiến lớn với ba kẻ thù đầy nguy hiểm kia… Tình yêu, tình bạn và những giằng xé nội tâm sẽ giúp được gì khi Người Nhện không còn khoác trên mình bộ đồ màu đỏ quen thuộc?","[""Hành động"", ""Phiêu lưu"", ""Viễn tưởng""]","[""Sam Raimi""]","[""Tobey Maguire"", ""Kirsten Dunst"", ""James Franco"", ""Thomas Haden Church"", ""Topher Grace"", ""Bryce Dallas Howard"", ""Rosemary Harris"", ""J.K. Simmons""]",[]
w2w,https://w2w.vn/phim/nguoi-nhen-sieu-dang-2/,Người Nhện Siêu Đẳng 2,2014,"“Mỗi ngày tôi thức dậy và biết rằng, tôi càng cố cứu thêm nhiều người, có nghĩa tôi đang tạo ra nhiều kẻ thù hơn. Và đó chỉ là vấn đề thời gian, khi tôi phải đối mặt với những kẻ thù mạnh hơn mà tôi không thể đánh bại” – Câu nói của Người nhện báo trước cho sự xuất hiện của một loạt những kẻ thù nguy hiểm mà cậu sẽ phải đối đầu trong phần phim tiếp theo. Ngoài Electro (Jamie Foxx) đã xuất hiện trong đoạn teaser trước đây, người hùng giấu mặt Peter Parker sẽ phải chiến đấu chống lại Rhino (Paul Giamatti) và Green Goblin (Dane DeHaan).","[""Hành động"", ""Phiêu lưu"", ""Viễn tưởng""]","[""Marc Webb""]","[""Andrew Garfield"", ""Emma Stone"", ""Jamie Foxx"", ""Dane DeHaan"", ""Colm Feore"", ""Felicity Jones"", ""Paul Giamatti"", ""Sally Field""]",[]
w2w,https://w2w.vn/phim/nguoi-nhen-sieu-dang/,Người Nhện Siêu Đẳng,2012,"Amazing Spider-Man hay Siêu Nhện Tái Xuất có khá nhiều khác biệt so với các phần trước tập trung ở sự khác biệt ở tính cách của các nhân vật, Peter không còn là cậu bé nhút nhát mà khá nghịch ngợm, bên cạnh đó đạo diễn Marc Webb cũng mạnh dạn đưa ra thêm nhiều thay đổi về cốt truyện để Amazing Spider-Man thực sự mới lạ so với các phiên bản cũ. Cha mẹ Peter biến mất bí ấn và để cậu cho cô chú nuôi nấng. Sự tò mò về thân phận của bản thân lẫn những điều chưa biết về cha mẹ luôn thôi thúc cậu. Peter tìm thấy tập tài liệu mà cha để lại. Từ đây, những manh mối dẫn cậu tới tập đoàn Oscorp và người cộng sự của ông. Một tai nạn tại Oscorp khiến Peter có những siêu năng lực của loài nhện, Người nhện xuất hiện bí ẩn trong lòng New York.","[""Hành động"", ""Phiêu lưu"", ""Viễn tưởng""]","[""Marc Webb""]","[""Andrew Garfield"", ""Emma Stone"", ""Rhys Ifans"", ""Denis Leary"", ""Martin Sheen"", ""Sally Field"", ""Irrfan Khan"", ""Campbell Scott""]",[]
w2w,https://w2w.vn/phim/nguoi-nhen-tro-ve-nha/,Người Nhện: Trở Về Nhà,2017,"Tạm biệt hai franchise về thời sinh viên, Spider-Man: Homecoming sẽ lần đầu tiên đưa các khán giả đến với cuộc sống trung học của Peter Paker – siêu anh hùng Người Nhện. Liệu một cậu bé chưa trưởng thành sẽ làm thế nào để cân bằng cuộc sống bình thường và trách nhiệm của một anh hùng giải cứu thế giới. Đây cũng là lần đầu tiên, series Người Nhện có sự tham gia sản xuất của Marvel Studio và sự xuất hiện của Iron Man – Robert Downey Jr.","[""Hành động"", ""Phiêu lưu"", ""Viễn tưởng""]","[""Jon Watts""]","[""Tom Holland"", ""Michael Keaton"", ""Robert Downey Jr."", ""Marisa Tomei"", ""Jon Favreau"", ""Gwyneth Paltrow"", ""Zendaya"", ""Donald Glover""]",[]
w2w,https://w2w.vn/phim/nguoi-tinh-cua-phu-nhan-chatterley/,Người Tình Của Phu Nhân Chatterley,2022,"Trước cuộc hôn nhân không hạnh phúc, phu nhân Chatterley rơi vào cuộc tình nồng cháy rồi yêu say đắm một người canh rừng ở trang viên của chồng cô.","[""Chính kịch"", ""Tình cảm""]","[""Laure de Clermont-Tonnerre""]","[""Emma Corrin"", ""Jack O'Connell"", ""Matthew Duckett"", ""Joely Richardson"", ""Faye Marsay"", ""Ella Hunt"", ""Anthony Brophy"", ""Rachel Andrews""]",[]
w2w,https://w2w.vn/phim/nguoi-ve-tu-sao-hoa/,Người Về Từ Sao Hỏa,2015,"The Martian xoay quanh hành trình trở về đầy phi thường của phi hành gia Mark Watney. Trong quá trình thực hiện nhiệm vụ trên sao Hỏa, Mark Watney (Matt Damon) được cho rằng đã tử nạn sau một trận bão lớn và bị mọi người bỏ lại phía sau. Tuy nhiên, Watney may mắn sống sót và bị mắc kẹt một mình trên hành tinh cằn cỗi. Anh sẽ phải sử dụng tất cả kinh nghiệm và kiến thức của mình để tiếp tục tồn tại trên một hành tinh không có sự sống và hi vọng một ngày sẽ được cứu thoát. Quan trọng hơn cả, Watney luôn giữ cho mình một nghị lực kiên cường và tinh thần thật lạc quan. Mặc dù cách xa đến hàng triệu dặm, NASA và các nhà khoa học quốc tế vẫn làm việc không mệt mỏi để có thể đưa Watney trở về an toàn.","[""Viễn tưởng"", ""Chính kịch"", ""Phiêu lưu""]","[""Ridley Scott""]","[""Matt Damon"", ""Jessica Chastain"", ""Kristen Wiig"", ""Jeff Daniels"", ""Michael Peña"", ""Sean Bean"", ""Kate Mara"", ""Sebastian Stan""]",[]
w2w,https://w2w.vn/phim/nguyen-thu-doi-dau/,Nguyên Thủ Đối Đầu,2025,"Hai nhà lãnh đạo – Tổng thống Mỹ (John Cena) và Thủ tướng Anh (Idris Elba) – bị rơi vào âm mưu khủng bố khi tham dự hội nghị NATO. Bị lạc ở Belarus, họ buộc phải bắt tay để sinh tồn, dù tính cách trái ngược. Cùng với đặc vụ MI6 (Priyanka Chopra), họ đối đầu kẻ thù quốc tế, qua chuỗi hành động–hài hước kịch tính xuyên châu Âu.","[""Hành động"", ""Giật gân"", ""Hài hước""]","[""Илья Найшуллер""]","[""John Cena"", ""Idris Elba"", ""Priyanka Chopra Jonas"", ""Paddy Considine"", ""Carla Gugino"", ""Stephen Root"", ""Jack Quaid"", ""Sarah Niles""]",[]
w2w,https://w2w.vn/phim/nguyet-lan-y-ky/,Nguyệt Lân Ỷ Kỷ,2026,"Lộ Vu Y là cửu vỹ hồ nhỏ nhất tổ chức thần bí Vô Tướng Nguyệt, trong lúc thực hiện nhiệm vụ cùng tỷ tỷ Vụ Vọng Ngôn truy tìm hồ yêu Tiểu Duy đang chạy trốn, cô đã thâm nhập vào Vi Phủ ở Lạc An. Cùng thâm nhập vào Vi Phủ khi đó còn có Võ Thập Quang mang trong mình mối thù truyền kiếp, và hai pháp sư Thị Lân Tông là Ký Linh và Lệ Kiếp. Trong quá trình tìm kiếm sự thật, họ vừa hợp tác, vừa thăm dò lẫn nhau, nhưng mỗi người lại có mục đích sâu xa riêng. Sau nhiều lần đối đầu để tranh đoạt sức mạnh Long Thần, họ liên tục thay đổi dòng chảy vận mệnh. Để bảo vệ hòa bình thế gian, họ đưa ra những lựa chọn hy sinh đầy khó khăn, cuối cùng thành công tiêu diệt kẻ đứng đầu vạn yêu là Cửu Anh, khép lại những truy vấn bất tận về tình yêu chân thành và sự cứu rỗi.","[""Chính kịch"", ""Viễn tưởng""]","[""Guo Jingming""]","[""Cúc Tịnh Y"", ""Trần Đô Linh"", ""Tăng Thuấn Hy"", ""Điền Gia Thụy"", ""Diêm An""]",[]
w2w,https://w2w.vn/phim/nha-an-cua-ke-bi-ruong-bo/,Nhà Ăn của Kẻ Bị Ruồng Bỏ,2025,"Dennis, bị trục xuất khỏi nhóm mạo hiểm giả hàng đầu. Nhưng anh không có thời gian để chán nản. Ngược lại, đây là một cơ hội!? Anh thực hiện được ước mơ ấp ủ bấy lâu là “mở một cửa hàng của riêng mình”, và cùng với Atelier, gương mặt đại diện của quán, anh mang đến những “món ăn thượng hạng” khiến người ta phải thốt lên “Ngon quá!!”. Những rắc rối liên tiếp xảy ra… nhưng lại được giải quyết bằng “kỹ năng nấu ăn mạnh nhất”!? Nhà ăn của kẻ bị ruồng bỏ, nơi các mạo hiểm giả bị xã hội ruồng bỏ tụ họp, cuối cùng cũng khai trương!! Dù cuộc đời có không suôn sẻ, nhưng món ăn thì vẫn ngon tuyệt!!","[""Hoạt hình"", ""Hài hước"", ""Viễn tưởng""]","[""-""]","[""武内駿輔"", ""橘茉莉花""]",[]
w2w,https://w2w.vn/phim/nha-gia-tien/,Nhà Gia Tiên,2025,"Nhà Gia Tiên xoay quanh câu chuyện đa góc nhìn về các thế hệ khác nhau trong một gia đình, có hai nhân vật chính là Gia Minh (Huỳnh Lập) và Mỹ Tiên (Phương Mỹ Chi). Trở về căn nhà gia tiên để quay các video “triệu view” trên mạng xã hội, Mỹ Tiên - một nhà sáng tạo nội dung thuộc thế hệ Z vốn không tin vào chuyện tâm linh, hoàn toàn mất kết nối với gia đình, bất ngờ nhìn thấy Gia Minh - người anh trai đã mất từ lâu. Để hồn ma của Gia Minh có thể siêu thoát và không tiếp tục làm phiền mình, Mỹ Tiên bắt tay cùng Gia Minh lên kế hoạch giữ lấy căn nhà gia tiên đang bị họ hàng tranh chấp, đòi ông nội chia tài sản. Đứng trước hàng loạt bí mật động trời trong căn nhà gia tiên, liệu Mỹ Tiên có vượt qua được tất cả để hoàn thành di nguyện của Gia Minh?","[""Hài hước"", ""Gia đình"", ""Kinh dị"", ""Chính kịch""]","[""Huỳnh Lập""]","[""Huỳnh Lập"", ""Phương Mỹ Chi"", ""Ngô Phạm Hạnh Thúy"", ""Puka"", ""Huỳnh Đông"", ""Kiều Linh"", ""Trung Dân"", ""Đào Anh Tuấn""]",[]
w2w,https://w2w.vn/phim/nhan-chung-buoc-toi/,Nhân Chứng Buộc Tội,1957,"Một luật sư gặp rắc rối khi một người phụ nữ được cho là có lương tâm làm chứng chống lại chồng mình. Tuy nhiên, động cơ đằng sau lời khai của cô ấy đã đặt anh ta vào một tình huống khó xử về đạo đức.","[""Chính kịch"", ""Bí ẩn"", ""Tội phạm""]","[""Billy Wilder""]","[""Tyrone Power"", ""Marlene Dietrich"", ""Charles Laughton"", ""Elsa Lanchester"", ""John Williams"", ""Henry Daniell"", ""Ian Wolfe"", ""Torin Thatcher""]",[]
w2w,https://w2w.vn/phim/nhan-chung-duy-nhat/,Nhân Chứng Duy Nhất,2026,"Khi cậu con trai 2 tuổi là nhân chứng duy nhất cho vụ sát hại cô, chồng của Rachel Nickell chiến đấu để bảo vệ con giữa cuộc điều tra đầy sai sót. Loạt phim dựa trên sự kiện thật.","[""Chính kịch"", ""Tội phạm""]","[""Rob Williams""]","[""Jordan Bolger"", ""Max Fincham"", ""Neil Maskell"", ""Kevin Eldon"", ""Kerry Godliman"", ""Jon Pointing"", ""James Dryden"", ""Mark Stanley""]",[]
w2w,https://w2w.vn/phim/nhat-ky-quan-sat-ve-vi-hon-the-cua-toi-nguoi-tu-xung-la-nu-phan-dien/,"Nhật Ký Quan Sát Về Vị Hôn Thê Của Tôi, Người Tự Xưng Là Nữ Phản Diện.",2026,"Bertia được tái sinh vào trò chơi otome yêu thích của mình—không phải với tư cách nữ chính, mà là nữ phản diện, người đã đính hôn với Thái tử Cecil hoàn hảo! Hoàn toàn nhận thức được vai trò của mình là phá hoại tương lai tình yêu của chàng, cô quyết tâm nở rộ như một đóa hoa độc ác và tàn phai theo cốt truyện. Nhưng dù cô có mưu mô đến đâu, những kế hoạch ""ác độc"" của cô chỉ khiến cô trở nên đáng yêu hơn!","[""Hoạt hình"", ""Hài hước"", ""Viễn tưởng""]","[""-""]","[""小林裕介"", ""富田美憂"", ""宮本侑芽"", ""Murase Ayumu"", ""大橋彩香"", ""堀江瞬"", ""佐伯伊織"", ""白井悠介""]",[]
w2w,https://w2w.vn/phim/nhiem-vu-bat-kha-thi-8-nghiep-bao-cuoi-cung/,Nhiệm Vụ Bất Khả Thi 8: Nghiệp Báo Cuối Cùng,2025,Ethan Hunt (Tom Cruise) trong *Nhiệm vụ bất khả thi: Sự phán xét cuối cùng* phải đối mặt với những thử thách nguy hiểm và trải qua những tình huống khó khăn để ngăn chặn một âm mưu toàn cầu.,"[""Hành động""]","[""Christopher McQuarrie""]","[""Tom Cruise"", ""Hayley Atwell"", ""Vanessa Kirby""]",[]
w2w,https://w2w.vn/phim/nhiem-vu-gia-toc-yozakura/,Nhiệm Vụ: Gia Tộc Yozakura,2024,"Taiyo Asano sống một mình từ khi cha mẹ qua đời và người duy nhất dường như quan tâm đến cậu là người bạn thời thơ ấu và bạn cùng lớp, Mutsumi Yozakura. Nhưng Mutsumi có một bí mật—cô ấy là người đứng đầu một gia tộc gián điệp! Và hơn thế nữa, anh trai cô, Kyoichiro, lại bảo vệ cô một cách nguy hiểm! Để ngăn Kyoichiro giết mình, Taiyo và Mutsumi phải thực hiện một bước ngoặt lớn—kết hôn! Bởi vì trong gia tộc Yozakura, người nhà không thể giết người nhà.","[""Hoạt hình"", ""Hài hước"", ""Phiêu lưu""]","[""-""]","[""-""]",[]
w2w,https://w2w.vn/phim/nhim-sonic-3/,Nhím Sonic 3,2024,"Sonic, Knuckles và Tails phải đối mặt với một kẻ thù mới cực kỳ mạnh mẽ là Shadow - một nhân vật phản diện bí ẩn với sức mạnh không giống bất kỳ đối thủ nào họ từng đối mặt trước đây. Bị áp đảo về năng lực, Sonic phải lên đường thành lập một liên minh to lớn hơn.","[""Hành động"", ""Viễn tưởng"", ""Hài hước"", ""Gia đình""]","[""Jeff Fowler""]","[""Ben Schwartz"", ""Jim Carrey"", ""Keanu Reeves"", ""Idris Elba"", ""Colleen O'Shaughnessey"", ""James Marsden"", ""Tika Sumpter"", ""Lee Majdoub""]",[]
w2w,https://w2w.vn/phim/nhung-ban-di-chuc/,Những Bản Di Chúc,2026,"Phần tiếp theo của ""The Handmaid's Tale"" kể về Agnes và Daisy, hai thiếu nữ ở Gilead phải thích nghi với cuộc sống tại một trường dự bị ưu tú, nơi sự phục tùng được thực thi một cách tàn bạo. Tình bạn của họ trở thành chất xúc tác làm thay đổi cuộc đời cả hai.","[""Chính kịch""]","[""Bruce Miller""]","[""Ann Dowd"", ""Chase Infiniti"", ""Lucy Halliday"", ""Rowan Blanchard"", ""Mattea Conforti"", ""Mabel Li"", ""Amy Seimetz"", ""Brad Alexander""]",[]
w2w,https://w2w.vn/phim/nhung-dua-tre-nha-shiunji/,Những Đứa Trẻ Nhà Shiunji,2025,"Hai người con trai và năm người con gái của gia đình danh giá Shiunji ""tỏa sáng"" như những viên ngọc quý, mỗi người đều thông minh và xinh đẹp, trở thành tâm điểm chú ý của cả thị trấn. Người anh cả Arata luôn bị các cô em gái cá tính trêu chọc, nhưng anh luôn đặt gia đình lên trên hết. Tuy nhiên, khi cô em gái út tròn mười lăm tuổi, người cha tiết lộ một bí mật động trời, vốn đã được chôn giấu từ lâu. Sự thật về mối quan hệ anh chị em đảo lộn hoàn toàn thế giới của Arata và hé lộ những mối quan hệ vượt trên cả tình thân ruột thịt sau này.","[""Hoạt hình"", ""Hài hước""]","[""-""]","[""梅原裕一郎"", ""安済知佳"", ""高野麻里佳"", ""高橋李依"", ""菱川花菜"", ""市ノ瀬加那"", ""小林千晃"", ""てらそままさき""]",[]
w2w,https://w2w.vn/phim/nhung-dua-tre-nhuom-chi/,Những đứa trẻ nhuốm chì,2026,"Phát hiện ra rằng trẻ em sống gần nhà máy luyện kim bị nhiễm độc chì, vị bác sĩ trẻ nọ mạo hiểm sự nghiệp và an toàn của bản thân để cứu bọn trẻ.","[""Chính kịch"", ""Chiến tranh""]","[""-""]","[""Joanna Kulig"", ""Agata Kulesza"", ""Kinga Preis"", ""Michał Żurawski"", ""Marian Dziędziel"", ""Sebastian Pawlak"", ""Zbigniew Zamachowski""]",[]
w2w,https://w2w.vn/phim/nhung-ke-vo-hai/,Những Kẻ Vô Hại,2026,Hai phụ nữ tưởng như vô hại bị cuốn vào mạng lưới tình báo CIA và khám phá âm mưu đã cướp đi mạng sống của chồng họ.,"[""Chính kịch"", ""Tội phạm""]","[""Susanna Fogel"", ""David Iserson""]","[""Emilia Clarke"", ""Haley Lu Richardson"", ""Adrian Lester"", ""Artjom Gilz"", ""Vic Michaelis"", ""Nicholas Podany"", ""Петро Ніньовський""]",[]
w2w,https://w2w.vn/phim/nhung-manh-ghep-cam-xuc-2/,Những Mảnh Ghép Cảm Xúc 2,2024,"Những Mảnh Ghép Cảm Xúc 2 sẽ quay trở lại phần tâm trí mới của cô bé thiếu niên Riley. Một ngày, trụ sở chính đột ngột bị phá hủy để nhường chỗ cho một thứ hoàn toàn mới: Một cảm xúc mới! Vui Vẻ, Buồn Bã, Giận Dữ, Sợ Hãi và Chán Ghét phải 'chào đón' sự xuất hiện của một loại cảm xúc mới là Lo Âu. Và có vẻ như cô ấy không chỉ xuất hiện một mình.","[""Hoạt hình"", ""Phiêu lưu"", ""Hài hước"", ""Gia đình""]","[""Kelsey Mann""]","[""Amy Poehler"", ""Maya Hawke"", ""Kensington Tallman"", ""Liza Lapira"", ""Tony Hale"", ""Lewis Black"", ""Phyllis Smith"", ""Ayo Edebiri""]",[]
w2w,https://w2w.vn/phim/nhung-nguoi-bao-ho-wakanda/,Những Người Bảo Hộ Wakanda,2025,"Theo chân những chiến binh Wakanda dũng cảm xuyên suốt chiều dài lịch sử trong hành trình vòng quanh thế giới, khi họ thực hiện những nhiệm vụ nguy hiểm nhằm thu hồi các cổ vật Vibranium từ tay kẻ thù của Wakanda. Họ chính là Hatut Zaraze — và đây là câu chuyện của họ.","[""Hoạt hình"", ""Viễn tưởng"", ""Phiêu lưu""]","[""-""]","[""-""]",[]
w2w,https://w2w.vn/phim/ninkoro-cuoc-song-chung-cua-ninja-va-sat-thu/,Ninkoro: Cuộc Sống Chung Của Ninja và Sát Thủ,2025,"Một ngày nọ, trên đường về nhà từ trường, Konoha Koga cứu Satoko Kusagakure, một ninja đã trốn khỏi làng của cô. Ngay sau đó, những kẻ truy đuổi từ làng xuất hiện để tìm Satoko nhưng đã bị Konoha xử lý khéo léo. Hóa ra, cô học sinh trung học khiêm tốn thực chất là một sát thủ. Vì vậy, cuộc sống chung đầy khốc liệt giữa một ninja và một sát thủ bắt đầu!","[""Hoạt hình"", ""Hài hước""]","[""-""]","[""三川華月"", ""花澤香菜"", ""芹澤優"", ""喜多村英梨"", ""大久保瑠美""]",[]
w2w,https://w2w.vn/phim/nu-hoang-bang-gia-2/,Nữ Hoàng Băng Giá 2,2019,"Cùng dấn thân vào một cuộc phiêu lưu xa xôi thú vị, hai chị em Anna và Elsa đi đến chốn rừng sâu để tìm kiếm sự thật về bí ẩn cổ xưa của vương quốc mình. Tất cả những gì Anna và Elsa biết về bản thân, lịch sử và gia đình của họ đều bị thử thách khi họ bị cuốn vào một chuyến đi đầy quả cảm đến với vùng đất phía bắc bí ẩn ngoài Arendelle được báo trước.","[""Phiêu lưu"", ""Hoạt hình"", ""Hài hước"", ""Gia đình""]","[""Jennifer Lee"", ""Chris Buck""]","[""Idina Menzel"", ""Kristen Bell"", ""Josh Gad"", ""Jonathan Groff"", ""Evan Rachel Wood"", ""Sterling K. Brown"", ""Alfred Molina"", ""Rachel Matthews""]",[]
w2w,https://w2w.vn/phim/one-piece-film-red/,One Piece Film: Red,2022,"Đây là phần phim thứ mười lăm trong loạt phim điện ảnh của One Piece, dựa trên bộ truyện manga nổi tiếng cùng tên của tác giả Eiichiro Oda. Phim được công bố lần đầu tiên vào ngày 21 tháng 11, 2021 để kỷ niệm sự ra mắt của tập phim thứ 1000 của bộ anime One Piece và sau khi tập phim này được phát sóng, đoạn quảng cáo và áp phích chính thức của phim cũng chính thức được công bố. Phim dự kiến sẽ phát hành vào ngày 6 tháng 8 năm 2022. Bộ phim được giới thiệu sẽ là hành trình xoay quanh một nhân vật nữ mới cùng với Shanks ""Tóc Đỏ"".","[""Hành động"", ""Phiêu lưu"", ""Hoạt hình"", ""Tưởng tượng""]","[""谷口悟朗""]","[""田中真弓"", ""中井和哉"", ""池田秀一"", ""名塚佳織"", ""岡村明美"", ""山口勝平"", ""平田広明"", ""大谷育江""]",[]
w2w,https://w2w.vn/phim/paddington-gau-thu-chu-du/,Paddington: Gấu Thủ Chu Du,2024,"""Paddington: Gấu Thủ Chu Du"" đưa khán giả theo chân chú gấu được nhiều người yêu mến, thích ăn mứt cam đang trong một chuyến phiêu lưu đầy mạo hiểm. Khi Paddington phát hiện ra dì Lucy yêu quý của mình đã biến mất khỏi Ngôi Nhà Dành Cho Các Chú Gấu Nghỉ Hưu, Paddington và gia đình Brown lên đường đến vùng hoang dã Peru để tìm kiếm, với manh mối duy nhất về nơi dì ấy ở là một điểm đánh dấu trên một bản đồ bí ẩn. Quyết tâm giải mã những bí mật đằng sau, Paddington bắt đầu một cuộc hành trình qua rừng nhiệt đới Amazon để tìm dì của mình... và có thể chú sẽ phát hiện ra một trong những kho báu huyền thoại nhất thế giới.","[""Phiêu lưu"", ""Hài hước"", ""Gia đình""]","[""Dougal Wilson""]","[""Ben Whishaw"", ""Hugh Bonneville"", ""Emily Mortimer"", ""Samuel Joslin"", ""Madeleine Harris"", ""Antonio Banderas"", ""Carla Tous"", ""Olivia Colman""]",[]
w2w,https://w2w.vn/phim/peacemaker-tv-series/,Peacemaker Tv Series,2022,"Peacemaker theo chân Christopher Smith (Peacemaker), một lính đánh thuê cực đoan tin rằng “hòa bình bằng bất cứ giá nào là xứng đáng”, ngay cả khi điều đó đồng nghĩa với việc giết người","[""Siêu anh hùng""]","[""James Gunn""]","[""John Cena""]",[]
w2w,https://w2w.vn/phim/phi-cong-sieu-dang/,Phi Công Siêu Đẳng,1986,"Tom Cruise vào vai một phi công tài ba phải vật lộn để cân bằng cuộc sống, trách nhiệm và tình cảm trong lúc đua tranh tại trường huấn luyện máy bay chiến đấu Hải Quân.","[""Hành động"", ""Chính kịch"", ""Tình cảm""]","[""Tony Scott""]","[""Tom Cruise"", ""Kelly McGillis"", ""Val Kilmer"", ""Anthony Edwards"", ""Tom Skerritt"", ""Michael Ironside"", ""John Stockwell"", ""Barry Tubb""]",[]
w2w,https://w2w.vn/phim/phien-nao-cua-cong-chua-ma-phap/,Phiền Não Của Công Chúa Ma Pháp,2025,"Cô nàng công chúa Hy Á của vương quốc ma thuật sở hữu đôi mắt đá quý độc đáo. Cô phát hiện ra rằng những giấc mơ của mình dường như có thể tiên đoán tương lai. Ngày sinh nhật 18 tuổi, cô bị cuốn vào một âm mưu kinh hoàng, cha cô suýt mất mạng vì ma thuật hắc ám và cô cũng bị đày ải đến phương xa. Khi Hy Á lớn lên, những nhân vật của số phận lần lượt xuất hiện: vị vua cha nội tâm và lạnh lùng, vị pháp sư tự phụ và chua ngoa, kỵ sĩ trung thành, chàng công tử nhà công tước dịu dàng và hay e thẹn, cùng một cô gái khát khao tình thân… Liệu Hy Á dũng cảm và tốt bụng có thể đảo ngược số phận, bảo vệ mình và tất cả những người cô yêu quý không?","[""Hoạt hình"", ""Hài hước"", ""Viễn tưởng""]","[""-""]","[""陶典"", ""Lu Zhao"", ""马正阳"", ""张琦"", ""Ye Sun"", ""徐慧"", ""陳奕雯"", ""Chaoran Yang""]",[]
w2w,https://w2w.vn/phim/phien-quan-toc-xam/,Phiến quân tóc xám,2026,"Trong một khu cộng đồng hưu trí tưởng chừng hoàn hảo, một nhóm anh hùng bất đắc dĩ buộc phải ngăn chặn một mối đe dọa siêu nhiên đang cướp đi thứ họ không có nhiều: thời gian.","[""Viễn tưởng"", ""Bí ẩn""]","[""Jeffrey Addiss"", ""Will Matthews""]","[""Alfred Molina"", ""Alfre Woodard"", ""Denis O'Hare"", ""Clarke Peters"", ""Carlos Miranda"", ""Jena Malone"", ""Seth Numrich"", ""Alice Kremelberg""]",[]
w2w,https://w2w.vn/phim/phim-dien-anh-tham-tu-lung-danh-conan-thien-than-sa-nga-tren-xa-lo/,Thám Tử Lừng Danh Conan: Thiên Thần Sa Ngã Trên Xa Lộ,2026,"Conan cùng Ran, Sonoko, Đội thám tử nhí và Sera Masumi đến Minatomirai, Yokohama để tham dự “Lễ hội Moto Kanagawa”. Sự kiện nhanh chóng bị náo loạn khi một tay lái bí ẩn mang biệt danh “Quái Xế Đen” bất ngờ xuất hiện, phóng xe với tốc độ kinh hoàng rồi biến mất trước khi nữ cảnh sát giao thông Hagiwara Chihaya — “Nữ Thần Gió” của Sở Cảnh sát Kanagawa — kịp truy đuổi. Cùng lúc đó, mẫu moto công nghệ cao màu trắng mang tên “Angel” được ra mắt tại lễ hội. Đáng ngờ hơn, thiết kế của nó lại gần như giống hệt chiếc xe của “Quái Xế Đen”. Sự việc khiến Chihaya nhớ lại những ký ức liên quan đến em trai quá cố Hagiwara Kenji và người bạn thân Matsuda Jinpei, kéo Conan vào một vụ án nguy hiểm bắt nguồn từ nhiều năm trước.","[""Hành động"", ""Hoạt hình"", ""Tội phạm"", ""Bí ẩn""]","[""蓮井隆弘""]","[""高山みなみ"", ""山崎和佳奈"", ""小山力也"", ""林原めぐみ"", ""沢城みゆき"", ""三木眞一郎"", ""神奈延年"", ""Yokohama Ryusei""]",[]
w2w,https://w2w.vn/phim/phim-kinh-di-hai-my-3/,Phim Kinh Dị Hài Mỹ 3,2003,Phim Phim Kinh Dị 3: Scary Movie 3 là phần thứ 3 của loạt phim Scary Movie,"[""Hài hước""]","[""David Zucker""]","[""Anna Faris"", ""Regina Hall"", ""Simon Rex"", ""Anthony Anderson"", ""Charlie Sheen"", ""Leslie Nielsen"", ""Kevin Hart"", ""Jeremy Piven""]",[]
w2w,https://w2w.vn/phim/phong-cap-cuu-o-berlin-berlin-er/,Phòng Cấp Cứu Ở Berlin - Berlin ER,2025,"Sau khi cuộc sống riêng tư tan vỡ, một bác sĩ trẻ đang tìm kiếm khởi đầu mới tiếp quản phòng cấp cứu tại bệnh viện hỗn loạn và khắc nghiệt nhất Berlin. Đối mặt với sự phản kháng của nhân viên và hệ thống tồi tàn, cô phải đoàn kết đội ngũ thiếu khuôn khổ của mình để cứu sống bệnh nhân.","[""Chính kịch""]","[""Samuel Jefferson"", ""Viktor Jakovleski""]","[""Haley Louise Jones"", ""Slavko Popadic"", ""Bernhard Schütz"", ""Safak Sengül"", ""Aram Tafreshian"", ""Samirah Breuer"", ""Peter Lohmeyer"", ""Benjamin Radjaipour""]",[]
w2w,https://w2w.vn/phim/phu-thuy-thuong-tru-tai-xu-waverly/,Phù Thủy Thường Trú Tại Xứ Waverly,2024,"Justin Russo đã lựa chọn cuộc sống người thường bên người vợ và các con của mình, Giada, Roman và Milo. Nhưng một ngày, người em gái của Justin - Alex mang theo Billie để nhờ vả giúp đỡ huấn luyện, Justin nhận ra, anh cần phải sử dụng những kĩ năng phù thủy của mình để giúp đỡ cho Phù thủy trẻ tiềm năng này. Một sự pha trộn giữa thế giới đương đại và Thế giới Phù thủy giữa lòng Waverly.","[""Hài hước"", ""Viễn tưởng"", ""Gia đình""]","[""Todd J. Greenwald""]","[""Janice LeAnn Brown"", ""Alkaio Thiele"", ""Max Matenko"", ""Taylor Cora"", ""Mimi Gianopulos"", ""David Henrie""]",[]
w2w,https://w2w.vn/phim/phuong-an-ba-bong-hong/,Phương Án Ba Bông Hồng,1981,Phim đề cập đến những cô gái với tinh thần chiến đấu và hi sinh anh dũng trong thời kỳ kháng chiến chống lại đế quốc Mỹ và chính quyền Sài Gòn. Các chiến sĩ biệt động đã góp phần vào chiến dịch giải phóng miền Nam thống nhất đất nước.,"[""Giật gân""]","[""Hoa Van""]","[""Thanh Loan"", ""Bích Liên"", ""Ánh Tuyết"", ""Thu Hiền"", ""Robert Hải"", ""Hữu Mười"", ""Hoa Van""]",[]
w2w,https://w2w.vn/phim/power-ranger-zeo/,power ranger zeo,1996,"Sau khi mất đi sức mạnh Ninja ở cuối Mighty Morphin Power Rangers, các Ranger nhận được năng lượng Zeo Crystals, từ đó trở thành Power Rangers Zeo. Kẻ thù mới xuất hiện là Đế chế Máy móc (Machine Empire) – một thế lực máy móc hùng mạnh muốn thống trị Trái Đất. Tommy (Red Ranger) tiếp tục giữ vai trò thủ lĩnh, dẫn dắt nhóm đối đầu với những thử thách mạnh mẽ và công nghệ cao hơn bao giờ hết.","[""Siêu anh hùng""]","[""Robert Radler""]","[""Tommy Oliver""]",[]
w2w,https://w2w.vn/phim/power-rangers-in-space/,Power Rangers in Space,1998,"Khi Trái Đất bị đe dọa bởi thế lực ngoài hành tinh, một nhóm siêu nhân không gian phải vượt qua thiên hà để ngăn chặn cái ác, cứu lấy vũ trụ – và chính bản thân họ.","[""Siêu anh hùng""]","[""Jonathan Tzachor""]","[""Christopher Khayman Lee"", ""Roger Velasco""]",[]
w2w,https://w2w.vn/phim/predestination/,Predestination,2014,"Một đặc vụ du hành thời gian được giao nhiệm vụ cuối cùng: truy tìm một kẻ khủng bố bí ẩn đã khiến hàng ngàn người thiệt mạng — nhưng để hoàn thành nhiệm vụ, anh phải đối mặt với một nghịch lý kinh hoàng về bản thân.","[""Viễn tưởng""]","[""The Spierig Brothers""]","[""Ethan Hawke""]",[]
w2w,https://w2w.vn/phim/qua-da/,Quá đà,2025,"Khi một người New York thất tình chuyển đến London ôm mộng tìm được câu chuyện tình yêu, cô phải lòng một nhạc sĩ indie chẳng phải mẫu người hùng lãng mạn điển hình.","[""Hài hước"", ""Chính kịch""]","[""Lena Dunham"", ""Luis Felber""]","[""Megan Stalter"", ""Will Sharpe"", ""Richard E. Grant"", ""Stephen Fry"", ""Janicza Bravo"", ""Michael Zegen"", ""Rhea Perlman"", ""Rita Wilson""]",[]
w2w,https://w2w.vn/phim/quai-thu-vo-hinh-vung-dat-chet-choc/,Quái Thú Vô Hình: Vùng Đất Chết Chóc,2025,"Trong tương lai, tại một hành tinh hẻo lánh, một Predator non nớt - kẻ bị chính tộc của mình ruồng bỏ - tìm thấy một đồng minh không ngờ tới là Thia và bắt đầu hành trình sinh tử nhằm truy tìm kẻ thù tối thượng. Bộ phim do Dan Trachtenberg - đạo diễn của Prey chỉ đạo và nằm trong chuỗi thương hiệu Quái Thú Vô Hình Predator.","[""Hành động"", ""Viễn tưởng"", ""Phiêu lưu""]","[""Dan Trachtenberg""]","[""Elle Fanning"", ""Dimitrius Schuster-Koloamatangi"", ""Ravi Narayan"", ""Michael Homick"", ""Stefan Grube"", ""Reuben De Jong"", ""Cameron Brown"", ""Alison Wright""]",[]
w2w,https://w2w.vn/phim/quai-vat-cau-chuyen-ve-lizzie-borden/,Quái vật: Câu chuyện về Lizzie Borden,2026,"Mắc kẹt trong một gia đình hà khắc thời Victoria, Lizzie Borden đã sát hại bố mẹ mình trong vụ án mạng đẫm máu bằng rìu, khiến cả nước bàng hoàng.","[""Chính kịch"", ""Tội phạm""]","[""Ian Brennan""]","[""Ella Beatty"", ""Vicky Krieps"", ""Sarah Paulson"", ""Charlie Hunnam"", ""Rebecca Hall"", ""Billie Lourd"", ""Jessica Barden""]",[]
w2w,https://w2w.vn/phim/quai-vat-khong-gian/,Quái Vật Không Gian,1979,"Alien 1 (Quái Vật Không Gian) là phần mở đầu series phim khoa học viễn tưởng, kinh dị Alien. Bộ phim lấy bối cảnh không gian bao la, thiên hà xa xôi, tàu Nostromo như thông lệ hướng thẳng Trái đất chở chuyến quặng cuối cùng của đợt hàng nhưng 1 tín hiệu lạ đã khiến họ thay đổi lịch trình. 1 tín hiệu phát ra từ 1 con tàu xa lạ, cứ ngỡ là tín hiệu SOS, phi hành đoàn thẳng hướng tiếp cứu nhưng họ không hề biết đó là đường vào địa ngục không lối thoát. Tin nhắn kia chẳng phải là tin nhắn SOS mà đó là 1 tín hiệu...cảnh báo nguy hiểm khi 1 chủng loài quái vật chuyên ký sinh bắt đầu xuất hiện...","[""Kinh dị"", ""Viễn tưởng""]","[""Ridley Scott""]","[""Tom Skerritt"", ""Sigourney Weaver"", ""Veronica Cartwright"", ""Harry Dean Stanton"", ""John Hurt"", ""Ian Holm"", ""Yaphet Kotto"", ""Bolaji Badejo""]",[]
w2w,https://w2w.vn/phim/quai-vat-so-8/,Quái Vật Số 8,2024,"Những con ""kaiju"" (quái vật khổng lồ) bất ngờ xuất hiện và hoành hành khắp Nhật Bản trong nhiều năm. Một đơn vị tinh nhuệ được gọi là Quân đoàn Phòng vệ phải liều mạng hàng ngày để bảo vệ dân thường. Anh chàng Kafka Hibino mang ước mơ gia nhập Quân đoàn từ nhỏ nhưng lại bị dòng đời đưa đẩy, phải làm công việc chuyên xử lý xác quái vật. Sau một tai nạn kỳ lạ, anh có được khả năng biến hình, được mệnh danh là ""Kaiju số 8"". Từ đây, Kafka bắt đầu hiện thực hóa ước mơ thuở nhỏ của mình, gia nhập Quân đoàn và giấu kín năng lực vừa có được.","[""Hoạt hình"", ""Phiêu lưu"", ""Viễn tưởng""]","[""-""]","[""福西勝也"", ""瀬戸麻沙美"", ""加藤渉"", ""ファイルーズあい"", ""河西健吾""]",[]
w2w,https://w2w.vn/phim/quan-ky-nam/,Quán Kỳ Nam,2025,"Với sự nâng đỡ của người chú quyền lực, Khang được giao cho công việc dịch cuốn “Hoàng Tử Bé” và dọn vào căn hộ bỏ trống ở khu chung cư cũ. Anh làm quen với cô hàng xóm tên Kỳ Nam, một góa phụ từng nổi danh trong giới nữ công gia chánh và giờ lặng lẽ với nghề nấu cơm tháng. Một tai nạn xảy ra khiến Kỳ Nam không thể tiếp tục công việc của mình. Khang đề nghị giúp đỡ và mối quan hệ của họ dần trở nên sâu sắc, gắn bó. Liệu mối quan hệ của họ có thể tồn tại lâu dài giữa những biến động củа xã hội thời bấy giờ?","[""Tình cảm""]","[""Leon Lê""]","[""Liên Bỉnh Phát"", ""Đỗ Thị Hải Yến"", ""Trần Thế Mạnh"", ""Lý Hồng Ân"", ""Phương Bình"", ""Lê Văn Thân"", ""Lý Kiều Hạnh"", ""Ngô Hồng Ngọc""]",[]
w2w,https://w2w.vn/phim/quy-bat-hon/,Quỷ Bắt Hồn,2026,"Quang Tuấn tái xuất trong phim kinh dị Quỷ Bắt Hồn, nơi một gia đình tưởng chừng bình thường dần bị bao vây bởi những hiện tượng quỷ dị. Khi nỗi sợ không còn dừng lại ở cảm giác… mà trở thành thứ có thể nghe thấy, có thể gọi tên: “Đúng tháng đúng ngày, hồn về theo quỷ”.","[""Kinh dị"", ""Chính kịch"", ""Giật gân""]","[""Bùi Văn Hải""]","[""Ngô Quang Tuấn"", ""Anh Phạm"", ""Đinh Y Nhung"", ""La Thành"", ""Uy Trần"", ""Ngân Quỳnh"", ""Sỹ Toàn""]",[]
w2w,https://w2w.vn/phim/quy-ong-the-gioi-ngam/,Quý ông thế giới ngầm,2024,"Thừa kế bất động sản của gia đình, chàng quý tộc Eddie phát hiện ra rằng đó là nơi một đế chế cần sa khổng lồ ngự trị và người đứng đầu đế chế đó không chịu rời đi.","[""Hài hước"", ""Chính kịch"", ""Tội phạm""]","[""Guy Ritchie""]","[""Theo James"", ""Kaya Scodelario"", ""Daniel Ings"", ""Joely Richardson"", ""Vinnie Jones"", ""Giancarlo Esposito""]",[]
w2w,https://w2w.vn/phim/rango-tac-ke-bong/,Rango: Tắc Kè Bông,2011,"Khi Rango, thú cưng bị thất lạc của gia đình, vô tình đến thị trấn Dirt khắc nghiệt, đầy súng đạn, con thằn lằn kém can đảm đột nhiên thấy mình nổi bật. Được chào đón như niềm hy vọng cuối cùng mà thị trấn đang chờ đợi, cảnh sát trưởng mới Rango buộc phải đảm nhận vai trò mới của mình một cách triệt để.","[""Hoạt hình"", ""Hài hước"", ""Gia đình"", ""Miền Tây""]","[""Gore Verbinski""]","[""Johnny Depp"", ""Isla Fisher"", ""Ned Beatty"", ""Bill Nighy"", ""Abigail Breslin"", ""Alfred Molina"", ""Stephen Root"", ""Harry Dean Stanton""]",[]
w2w,https://w2w.vn/phim/ransom-canyon/,Ransom Canyon,2025,"Đam mê sục sôi tại một thị trấn nhỏ ở Texas, khi ba triều đại chăn nuôi đấu đá nhau vì đất đai, di sản và những người họ trân quý.","[""Chính kịch"", ""Miền Tây""]","[""April Blair""]","[""Josh Duhamel"", ""Minka Kelly""]",[]
w2w,https://w2w.vn/phim/ren-luyen-y-chi/,Rèn Luyện Ý Chí,2024,"Sau khi tốt nghiệp trung học mà không có kế hoạch cụ thể cho tương lai, Isaiah nhận được sự động viên để bắt đầu đưa ra những quyết định tốt hơn trong cuộc sống. Bộ phim kể về hành trình của Isaiah khi anh vượt qua sự mơ hồ và tìm kiếm hướng đi mới cho bản thân.","[""Chính kịch"", ""Gia đình""]","[""Alex Kendrick""]","[""Aspen Kennedy Wilson"", ""Priscilla C. Shirer"", ""Cameron Arnett"", ""Karen Abercrombie"", ""T.C. Stallings"", ""B.J. Arnett"", ""Ken Bevel"", ""Benjamin Charles Watson""]",[]
w2w,https://w2w.vn/phim/repo-men/,Repo Men,2010,"Trong một tương lai nơi con người có thể mua nội tạng nhân tạo bằng cách trả góp, một người thu hồi nội tạng (repo man) buộc phải chạy trốn chính công ty của mình sau khi anh trở thành con nợ và mục tiêu tiếp theo.","[""Hành động""]","[""Miguel Sapochnik""]","[""Jude Law""]",[]
w2w,https://w2w.vn/phim/ricky-gervais-cai-chet-tat-yeu/,Ricky Gervais: Cái chết tất yếu,2025,"Ricky Gervais bàn về sự sống, cái chết và hiện trạng thế giới trong tiết mục đặc biệt thẳng thắn đến phũ phàng, bất kể chủ đề, kể cả cái chết của chính mình.","[""Hài hước""]","[""John L. Spencer""]","[""Ricky Gervais""]",[]
w2w,https://w2w.vn/phim/rung-khong-tieng/,Rừng không tiếng,2024,"Một người phụ nữ bí ẩn thuê một nhà nghỉ dưỡng vào mùa hè bình lặng nọ, dẫn đến những sự kiện làm xáo trộn cuộc sống của người chủ và những người xung quanh anh.","[""Bí ẩn"", ""Tội phạm"", ""Chính kịch""]","[""모완일""]","[""김윤석"", ""고민시"", ""Lee Jung-eun"", ""노윤서"", ""박지환"", ""윤계상"", ""홍기준"", ""찬열""]",[]
w2w,https://w2w.vn/phim/running-man-viet-nam-mua-3-con-roi-tu-do/,Running Man Việt Nam Mùa 3: Con Rối Tự Do,2026,"Để tồn tại trên thế gian này, ta buộc phải chạy và tự trói mình vào những giá trị Tiền - Tài - Sắc - Danh. Chúng như những kẻ giật dây vô hình, biến mỗi người thành một con rối trên sân khấu phù hoa. Thế nhưng, ngay cả khi đôi tay bị buộc chặt bởi những quy luật của xã hội, bạn vẫn có quyền chọn cách nhảy múa theo vũ điệu của riêng mình. Nếu đã là con rối, hãy là những con rối tự do.","[""Truyền hình"", ""Hài hước""]","[""-""]","[""Trấn Thành"", ""Ninh Dương Lan Ngọc"", ""Liên Bỉnh Phát"", ""Anh Tú Atus"", ""Quang Trung"", ""Ngô Quang Tuấn"", ""Quân A.P"", ""Lê Nhân""]",[]
w2w,https://w2w.vn/phim/ruri-rocks/,Ruri Rocks,2025,"Nữ sinh trung học Ruri Tanigawa rất thích những thứ lấp lánh. Cô yêu thích chúng đến mức tự mình lên núi tìm kiếm tinh thể - nơi cô tình cờ gặp Nagi Arato, một nghiên cứu sinh chuyên ngành khoáng vật học. Khi cả hai cùng nhau thu thập khoáng vật, Ruri dần nảy sinh tình yêu chân thành dành cho khoa học và vẻ đẹp của thế giới tự nhiên.","[""Hoạt hình"", ""Hài hước""]","[""-""]","[""根本京里"", ""瀬戸麻沙美""]",[]
w2w,https://w2w.vn/phim/san-lung-kieu-my-osama-bin-laden/,Săn lùng kiểu Mỹ: Osama Bin Laden,2025,"Với những thước phim hiếm và cuộc phỏng vấn với những người trong CIA, loạt phim tài liệu hấp dẫn này dõi theo cuộc săn lùng Osama bin Laden đầy cam go.","[""Tài liệu""]","[""-""]","[""Osama bin Laden"", ""Tracy Walder""]",[]
w2w,https://w2w.vn/phim/sat-nhan-huu-y/,Sát nhân hữu ý,2024,"Tham gia lớp học chánh niệm để tìm sự cân bằng giữa công việc và cuộc sống, luật sư mafia Björn khám phá ra những chiến lược đối phó mới đáng ngạc nhiên, bao gồm cả giết người.","[""Chính kịch"", ""Hài hước"", ""Tội phạm""]","[""Karsten Dusse""]","[""-""]",[]
w2w,https://w2w.vn/phim/sau-khi-roi-khoi-to-doi-hang-a-toi-tham-hiem-me-cung-cung-de-tu-cu/,"Sau khi rời khỏi tổ đội hạng A, tôi thám hiểm mê cung cùng đệ tử cũ",2025,"Xích ma đạo sĩ Yuke đã rời khỏi tổ đội hạng A Thunder Pike từng gắn bó 5 năm sau một lần cãi vã gay gắt. Anh rời đi vì không thể tiếp tục chịu đựng sự coi thường, chế giễu của những thành viên khác. Trong lúc tìm kiếm tổ đội mới, anh đã gặp lại ba người đệ tử cũ là Marina, Silk, Rain và gia nhập cùng họ. Nhờ sự cổ vũ của những người gọi anh là ""thầy"", Yuke đã có thể phát huy ma lực cùng kỹ năng phi thường của mình và còn giúp nhóm của Marina bộc lộ năng lực để liên tiếp thực hiện thành công các nhiệm vụ. Thế rồi, thông qua đạo cụ ma pháp truyền tin ""Camelat-kun"" chuyên phát tin về giới mạo hiểm giả, tổ đội Clover đã trở nên nổi tiếng. Ước mơ của tổ đội Clover là chinh phục mê cung khó nhất Ám Giới Vô Sắc. Để thực hiện điều đó, họ đã liên tục khiêu chiến nhiều mê cung và nhận ra hỗn mang dần xâm nhập thế giới...","[""Hoạt hình"", ""Phiêu lưu"", ""Viễn tưởng""]","[""-""]","[""峯田大夢"", ""伊南羽桜"", ""川井田夏海"", ""稗田寧々"", ""世界"", ""小山剛志"", ""南條愛乃"", ""金元寿子""]",[]
w2w,https://w2w.vn/phim/sau-loi-tam-biet/,Sau lời tạm biệt,2024,"Sau khi tai nạn cướp đi vị hôn phu của cô, Saeko cảm thấy có mối liên hệ khó hiểu với một người lạ – người mà theo sự sắp đặt của số phận, đã nhận trái tim và ký ức của anh.","[""Chính kịch""]","[""黒崎博""]","[""Arimura Kasumi"", ""坂口健太郎"", ""奥野瑛太"", ""伊藤歩"", ""Ikuta Toma"", ""イッセー尾形"", ""古舘寛治"", ""三浦友和""]",[]
w2w,https://w2w.vn/phim/sentai-red-tro-thanh-nha-tham-hiem-o-the-gioi-khac/,Sentai Red: Trở thành nhà thám hiểm ở thế giới khác,2025,"Togo Asagaki, Siêu nhân Đỏ của một đội chiến binh anh hùng, đã hy sinh trong trận chiến cuối cùng chống lại tổ chức tà ác để mang lại chiến thắng cho đồng đội. Nhưng số phận lại đưa anh đến một thế giới hoàn toàn khác. Với thân phận mới là một nhà thám hiểm, anh biến hình thành Kizuna Red và tiếp tục hành trình bảo vệ chính nghĩa, giúp đỡ những người gặp khó khăn.","[""Hoạt hình"", ""Hài hước"", ""Phiêu lưu"", ""Viễn tưởng""]","[""-""]","[""井藤智哉"", ""稲垣好"", ""田中美海"", ""大野智敬"", ""稲田徹""]",[]
w2w,https://w2w.vn/phim/sep-oi-mai-dung-gap-nhau/,Sếp Ơi Mai Đừng Gặp Nhau,2026,"Bộ phim xoay quanh cuộc sống của Cha Ji-yoon (do Park Ji-hyun thủ vai), một nhân viên văn phòng kỳ cựu với 7 năm kinh nghiệm. Cô vốn","[""Hài hước"", ""Chính kịch""]","[""McQueen Studio"", ""조은솔""]","[""서인국"", ""박지현"", ""강미나"", ""원규빈"", ""Choi Kyung-hoon"", ""한태하"", ""김정영"", ""Kang Ki-doong""]",[]
w2w,https://w2w.vn/phim/shaman-king-flowers/,SHAMAN KING FLOWERS,2024,"Asakura Hana nghĩ rằng cuộc sống của mình thật nhàm chán – cho đến khi hai người họ hàng xa cố giết cậu. Để bảo vệ gia đình, giờ đây cậu phải làm chủ sức mạnh pháp sư của mình!","[""Hoạt hình""]","[""-""]","[""日笠陽子"", ""小西克幸"", ""上坂すみれ"", ""堀江瞬"", ""伊藤健太郎"", ""小清水亜美"", ""水樹奈々"", ""宮園拓夢""]",[]
w2w,https://w2w.vn/phim/shrek-2/,Shrek 2,2004,"Sau khi đánh bại con rồng lửa và lãnh chúa Farquaad để giành lấy trái tim của công chúa Fiona; gã chằn tinh Shrek giờ sống cuộc sống yên bình. Cả hai trải qua kỳ nghỉ trăng mật đầy lãng mạn. Cơn ác mộng thực sự đến khi quốc vương và hoàng hậu xứ Xa thật xa vời hai con về gặp mặt. Cùng với Lừa lắm mồm, đôi vợ chồng trẻ quay về kinh thành náo nhiệt. Kinh thành thân quen chào đón công chúa Fiona, xong không ai ngờ chàng phò mã là... chằn tinh. Còn cô công chúa yểu điệu ngày nào giờ cũng trong bộ dạng phục phịch xanh lét như chồng. Chàng rể trái ý quốc vương đã khiến Bà tiên đỡ đầu, Hoàng tử quyến rũ và tên sát thủ Mèo đi hia vào cuộc nhằm... thủ tiêu Shrek để lập phò mã mới!","[""Hoạt hình"", ""Hài hước"", ""Gia đình"", ""Tưởng tượng""]","[""Conrad Vernon"", ""Kelly Asbury"", ""Andrew Adamson""]","[""Mike Myers"", ""Eddie Murphy"", ""Cameron Diaz"", ""Julie Andrews"", ""Antonio Banderas"", ""John Cleese"", ""Rupert Everett"", ""Jennifer Saunders""]",[]
w2w,https://w2w.vn/phim/shrek/,Shrek,2001,"Vương quốc Xa thật xa là nơi các nhân vật cổ tích sinh sống. Shrek, gã chằn xanh đang sống yên bình tại đầm lầy của mình. Bỗng nhiên, khu đầm trở thành nơi ""tị nạn"" của các nhân vật cổ tích đang bị lãnh chúa Farquaad săn đuổi. Để khỏi phải ""chung đụng"" với đám dân ở nhờ ồn ào, Shrek ký giao kèo cùng Farquaad. Gã sẽ đi cứu công chúa Fiona, đang bị giam giữ trong tòa tháp cao vợi, và được rồng canh giữ. Farquaad có được cô dâu trong mộng thì Farquaad phải để các nhân vật cổ tích kia được yên.","[""Hoạt hình"", ""Hài hước"", ""Tưởng tượng"", ""Phiêu lưu""]","[""Andrew Adamson"", ""Vicky Jenson""]","[""Mike Myers"", ""Eddie Murphy"", ""Cameron Diaz"", ""John Lithgow"", ""Vincent Cassel"", ""Peter Dennis"", ""Clive Pearse"", ""Jim Cummings""]",[]
w2w,https://w2w.vn/phim/sieu-lua-gap-sieu-lay/,Siêu Lừa Gặp Siêu Lầy,2023,"Siêu Lừa Gặp Siêu Lầy của đạo diễn Võ Thanh Hòa theo chân của Khoa – tên lừa đảo tầm cỡ “quốc nội” đến đảo ngọc Phú Quốc với mong muốn đổi đời. Tại đây, Khoa gặp Tú – tay lừa đảo “hàng real” và cùng Tú thực hiện các phi vụ từ nhỏ đến lớn. Cứ ngỡ sự ranh mãnh của Tú và sự may mắn trời cho của Khoa sẽ giúp họ trở thành bộ đôi bất khả chiến bại, nào ngờ lại đối mặt với nhiều tình huống dở khóc – dở cười. Nhất là khi băng nhóm của bộ đôi nhanh chóng mở rộng vì sự góp mặt của ông Năm (Nhất Trung) và bé Mã Lai (Ngọc Phước).","[""Hành động"", ""Hài hước""]","[""Võ Thanh Hòa""]","[""Anh Tú Atus"", ""Mạc Văn Khoa"", ""Ngọc Phước"", ""Nhật Trung"", ""Mỹ Duyên"", ""Đại Nghĩa"", ""Lâm Vỹ Dạ"", ""Hứa Minh Đạt""]",[]
w2w,https://w2w.vn/phim/sieu-trom/,Siêu Trộm,2016,"Nội dung phim nói về những mánh khóe trong thế giới tội phạm siêu kỹ thuật, một hacker có tên là Bóng Ma đã tạo ra phần mềm có thể khóa ổ cứng của máy tính và buộc nạn nhân sử dụng phải trả một khoản tiền chuộc bằng những đồng tiền ảo. Đa Đa (Nhung Kate), một trinh sát đặc nhiệm, được chỉ đạo hợp tác với liên đoàn cảnh sát quốc tế Interpol và lực lượng đặc nhiệm Việt để bắt Bóng Ma. Nhưng phải dùng một tên trộm để bắt một tên cướp. Đa Đa bí mật tập hợp một nhóm trộm: một ảo thuật gia (Jack Magic), một bậc thầy về ngụy trang (Luhan), một vận động viên thể thao tí hon (Linh), một hacker (Vy), và một kẻ cung cấp thông tin (Phúc) đã từng làm việc cho Bóng Ma. Tuy nhiên Bóng Ma hacker luôn đi trước một bước. Cuộc săn bắt giữa mèo và chuột xảy ra sau đó với nhiều tình huống bất ngờ lôi cuốn khán giả khám phá ai là Bóng Ma và ai chiếm được những đồng tiền ảo.","[""Hành động""]","[""Hàm Trần""]","[""Nhung Kate"", ""Huyme"", ""Petey Majik Nguyễn"", ""Suboi"", ""Mai Thế Hiệp"", ""Lâm Thanh Mỹ"", ""Ngô Thanh Vân"", ""유태오""]",[]
w2w,https://w2w.vn/phim/silent-and-move/,Silent And Move,2024,Người em gây ra tội lỗi tìm đến cái chết dưới tay của anh trai nuôi để có cuộc đời mới,"[""Giật gân"", ""Chính kịch""]","[""Tran Trung Hau""]","[""Hồ Bảo Kha"", ""Huỳnh Lâm Khôi"", ""Hoàng Phan Thành Nhân"", ""Huỳnh Trung Nguyên""]",[]
w2w,https://w2w.vn/phim/sinh-vat-huyen-bi-va-noi-tim-ra-chung/,Sinh Vật Huyền Bí và Nơi Tìm Ra Chúng,2016,"Lấy bối cảnh trước Harry Potter, Fantastic Beasts And Where To Find Them kể về hành trình khám phá thế giới kỳ bí của pháp sư Newt Scamander do nam diễn viên Eddie Redmayne tài năng đảm nhận. Anh lên đường tới New York vào năm 1926 và bắt đầu quá trình đúc kết những tư liệu về các loài sinh vật mà về sau trường Hogwarts dùng để giảng dạy. Đây cũng là một trong những cuốn sách giáo khoa được nhắc tới trong tập 1 của Harry Potter – Harry Potter và Hòn đá phù thủy.","[""Tưởng tượng"", ""Phiêu lưu""]","[""David Yates""]","[""Eddie Redmayne"", ""Katherine Waterston"", ""Dan Fogler"", ""Alison Sudol"", ""Colin Farrell"", ""Jon Voight"", ""Ron Perlman"", ""Johnny Depp""]",[]
w2w,https://w2w.vn/phim/siren/,Siren,2025,"Lo lắng về mối quan hệ quá mức thân thiết của em gái với vị sếp tỷ phú, cô gái đầy bản lĩnh nọ tìm kiếm câu trả lời tại một khu điền trang xa hoa bên bờ biển.","[""Chính kịch"", ""Hài hước""]","[""Molly Smith Metzler""]","[""Julianne Moore"", ""Meghann Fahy"", ""Milly Alcock"", ""Kevin Bacon"", ""Glenn Howerton"", ""Bill Camp"", ""Felix Solis"", ""Josh Segarra""]",[]
w2w,https://w2w.vn/phim/soda-chanh-mat-ong/,Soda Chanh Mật Ong,2025,"Thường xuyên bị bắt nạt trong suốt thời gian học cấp hai, cô gái nhút nhát Ishimori Uka quyết tâm thay đổi bản thân trước khi bước vào những năm học cấp ba. Ngay trong tuần đầu tiên, cô tình cờ gặp Miura Kai, một chàng trai nổi bật với mái tóc màu vàng chanh. Hoàn toàn trái ngược với Uka, anh ấy nổi tiếng, tự tin và luôn nói lên suy nghĩ của mình. Dù có nhiều khác biệt, Kai đã giúp Uka dần dần thoát khỏi vỏ bọc và trở nên mạnh mẽ hơn. Từ những tình huống hài hước và cảm động, mối quan hệ giữa Uka – Kai phát triển thành tình yêu, thay đổi cuộc sống của cả hai mãi mãi.","[""Hoạt hình"", ""Chính kịch""]","[""-""]","[""市ノ瀬加那"", ""矢野奨吾"", ""高橋李依"", ""根本京里"", ""土岐隼一"", ""八代拓""]",[]
w2w,https://w2w.vn/phim/soi-chi-do/,Sợi Chỉ Đỏ,2026,"Một kẻ cuồng tín sau cơn đau đầu dữ dội phát hiện ra mình có một con mắt dọc trên trán. Những vụ sát nhân hàng loạt. Những hồn ma bóng quỷ lẩn khuất trong đời sống. Những nỗi sợ rình rập từ ám ảnh quá khứ. Sợi Chỉ Đỏ là gì, và sẽ kết nối tất cả như thế nào?","[""Kinh dị""]","[""Hàm Trần""]","[""Đoàn Minh Anh"", ""Ngô Quang Tuấn"", ""Ba Tây"", ""Loube Nguyễn"", ""Trần Nghĩa"", ""Cao Thị Thuỳ Linh"", ""Gia Tuệ"", ""Ngọc Phước""]",[]
w2w,https://w2w.vn/phim/soi-va-gia-vi-thuong-nhan-gap-soi-thong-thai/,Sói và gia vị: Thương nhân gặp sói thông thái,2024,Người bán hàng rong nay đây mai đó Lawrence bắt đầu cuộc hành trình đầy phiêu lưu khi anh gặp nữ thần sói Holo rồi có thỏa thuận giúp cô trở về nhà.,"[""Hoạt hình"", ""Viễn tưởng"", ""Chính kịch"", ""Phiêu lưu""]","[""-""]","[""福山潤"", ""小清水亜美""]",[]
w2w,https://w2w.vn/phim/song-sinh-sat-thu/,Song Sinh Sát Thủ,2015,"Legend 2015 là câu chuyện có thật về cặp anh em xã hội đen nhà Kray và băng đảng có tên The Firm, một thời khuynh đảo London thập niên những năm 50- 60. Nội dung phim dựa trên cuốn tiểu thuyết The Profession of Violence: The Rise and Fall of the Kray Twins của tác giả John Pearson, kể về những thăng trầm của cặp anh em sinh đôi tội phạm, về những mối quan hệ gắn bó họ với nhau cũng như sự nghiệp khủng khiếp của họ cho tới khi cả hai nhân án tù chung thân vào năm 1969.","[""Tội phạm"", ""Giật gân""]","[""Brian Helgeland""]","[""Tom Hardy"", ""Emily Browning"", ""Christopher Eccleston"", ""David Thewlis"", ""Taron Egerton"", ""Chazz Palminteri"", ""Colin Morgan"", ""Paul Bettany""]",[]
w2w,https://w2w.vn/phim/soobin-live-concert-movie-all-rounder/,SOOBIN LIVE CONCERT MOVIE: ALL-ROUNDER,2026,"Mỗi giấc mơ đều xứng đáng có một sân khấu... SOOBIN LIVE CONCERT MOVIE: ALL-ROUNDER là bộ phim âm nhạc đầu tiên của SOOBIN mang đến trải nghiệm điện ảnh chuẩn âm thanh vòm 7.1, tái hiện những khoảnh khắc thăng hoa từ chuỗi concert ALL-ROUNDER, cùng các màn trình diễn quy mô và những thước phim hậu trường chưa từng công bố. Bộ phim được ra mắt vào dịp sinh nhật SOOBIN, như một cột mốc đặc biệt trong hành trình nghệ thuật của anh. Đằng sau ánh đèn sân khấu là câu chuyện chạm đến giấc mơ với sự nỗ lực, vượt qua giới hạn và chinh phục những chuẩn mực mới. Với thông điệp “THE ALL-ROUNDER IS ALL AROUND YOU”, SOOBIN gửi lời tri ân đến khán giả, đặc biệt là KINGDOM – những người luôn đồng hành và tiếp thêm động lực trên hành trình ấy. Bởi mỗi người đều có thể là một All-Rounder, ở bất cứ nơi đâu.","[""Âm nhạc""]","[""-""]","[""SOOBIN""]",[]
w2w,https://w2w.vn/phim/star-wars-chuyen-chua-ke-tu-the-gioi-ngam/,Star Wars: Chuyện Chưa Kể từ Thế Giới Ngầm,2025,Hai kẻ ngoài vòng pháp luật phải vượt qua thế giới ngầm nguy hiểm của thiên hà để tự viết nên số phận của chính mình.,"[""Hoạt hình"", ""Viễn tưởng"", ""Phiêu lưu"", ""Tội phạm""]","[""Dave Filoni""]","[""-""]",[]
w2w,https://w2w.vn/phim/su-do-ky-cua-thien-tai/,Sự Đố Kỵ Của Thiên Tài,1984,"Amadeus tái hiện một phần cuộc đời của Wolfgang Amadeus Mozart, nhạc sĩ thiên tài người Áo, và Antonio Salieri, cũng là một nhạc sĩ tài năng cùng thời với Mozart. Antonio Salieri được cho là người đã gián tiếp gây nên cái chết của Mozart, khiến thần đồng âm nhạc này qua đời ở tuổi 35 (vào năm 1791) Amadeus không phải là bộ phim xây dựng nên một khuôn mẫu Mozart hoàn hảo để mọi khán giả yêu điện ảnh cũng như yêu âm nhạc cổ điển có thể chiêm ngưỡng. Hình ảnh của ông trong phim được xây dựng theo một góc độ khác, hết sức chân thực: một con người tục tĩu, đôi khi như một anh hề, một người con kính nể cha, làm việc cật lực nhưng lại nợ nần chồng chất, nhưng trên hết là một nhà soạn nhạc thiên tài của mọi thời đại","[""Chính kịch"", ""Lịch sử"", ""Âm nhạc""]","[""Miloš Forman""]","[""F. Murray Abraham"", ""Tom Hulce"", ""Elizabeth Berridge"", ""Simon Callow"", ""Roy Dotrice"", ""Christine Ebersole"", ""Jeffrey Jones"", ""Charles Kay""]",[]
w2w,https://w2w.vn/phim/sunny/,Sunny,2024,"Cuộc sống của một người phụ nữ Mỹ sống ở Kyoto, Nhật Bản bị đảo lộn khi chồng và con trai cô biến mất trong một tai nạn máy bay bí ẩn. Để an ủi cô, người ta tặng cô Sunny, một trong những rô-bốt gia dụng mới do công ty điện tử của chồng cô sản xuất.","[""Bí ẩn"", ""Chính kịch"", ""Hài hước""]","[""Katie Robbins""]","[""Rashida Jones"", ""西島秀俊"", ""Joanna Sotomura"", ""ジュディ・オング"", ""YOU"", ""annie the clumsy""]",[]
w2w,https://w2w.vn/phim/suoi-nguon-tuoi-tre-fountain-of-youth/,Suối Nguồn Tươi Trẻ - Fountain of Youth,2025,"Một kẻ săn kho báu đại tài lập ra một đội để bước vào một chuyến phiêu lưu sinh tử. Nhưng để luôn đi trước một bước các mối đe dọa, anh cần một người còn thông minh hơn mình: cô em gái xa cách.","[""Phiêu lưu"", ""Tưởng tượng"", ""Bí ẩn""]","[""Guy Ritchie""]","[""John Krasinski"", ""Natalie Portman"", ""Eiza González"", ""Domhnall Gleeson"", ""Arian Moayed"", ""Laz Alonso"", ""Carmen Ejogo"", ""Stanley Tucci""]",[]
w2w,https://w2w.vn/phim/supacell/,Supacell,2024,"Khi năm dân thường ở Nam London phát hiện ra họ có sức mạnh phi thường, một người đàn ông phải tập hợp họ lại để cứu người phụ nữ anh yêu.","[""Phiêu lưu"", ""Viễn tưởng"", ""Chính kịch""]","[""Rapman""]","[""Tosin Cole"", ""Nadine Mills"", ""Eric Kofi Abrefa"", ""Calvin Demba"", ""Josh Tedeku"", ""Adelayo Adedayo""]",[]
w2w,https://w2w.vn/phim/ta-la-quan-chu-ta-ac-cua-quoc-gia-o-giua-muon-vi-sao/,Ta Là Quân Chủ Tà Ác Của Quốc Gia Ở Giữa Muôn Vì Sao,2025,"Liam là một người chuyển sinh vào gia tộc bá tước cai quản một hành tinh nơi biên cảnh của Đế quốc thiên hà Algrand và đã trở thành gia chủ từ khi còn nhỏ. Vì phẫn uất với kiếp trước sống lương thiện nhưng bị chà đạp, Liam đã hạ quyết tâm kiếp này sẽ làm một quân chủ tà ác để chà đạp kẻ khác! Đây là một thế giới khoa học viễn tưởng nên Liam muốn được lái rô-bốt! Cậu thậm chí muốn học kiếm thuật mạnh nhất để tung hoành ngang dọc! Muốn xây dựng hậu cung và đắm chìm trong tửu sắc! Tuy nhiên, dù những việc làm của Liam có chủ đích là """"trở thành quân chủ tà ác"""" nhưng vì nhiều lý do, người người lại cảm ơn cậu và danh tiếng cứ vậy tăng lên... Lấy vũ đài là quốc gia ở giữa muôn vì sao, câu chuyện sai lệch về sự quản lý lãnh thổ ở quy mô thiên hà sẽ bắt đầu!","[""Hoạt hình"", ""Hài hước"", ""Phiêu lưu"", ""Viễn tưởng""]","[""-""]","[""Hanae Natsuki"", ""上田麗奈"", ""子安武人"", ""小松未可子"", ""竹達彩奈""]",[]
w2w,https://w2w.vn/phim/tai/,TÀI,2026,"Tài đã trải qua hành trình đầy khó khăn, làm đủ mọi nghề, thậm chí là những phi vụ nguy hiểm phải đặt cược mạng sống để bảo vệ “tài sản” quý giá nhất đời mình. Liệu Tài có đủ nghị lực và tinh thần để vượt lên trên nghịch cảnh, trong gang tấc sự sống? Bộ phim đem đến tiếng cười, tình yêu và sự bao dung mạnh mẽ về những mối quan hệ tình thân và xã hội trong những ngày đầu xuân 2026.","[""Hành động"", ""Hài hước""]","[""Mai Tài Phến""]","[""Vinh Râu"", ""Mai Tài Phến"", ""Mỹ Tâm"", ""Kim Hải"", ""Huỳnh Thi"", ""Long Đẹp Trai"", ""Công Ninh"", ""Ngô Phạm Hạnh Thúy""]",[]
w2w,https://w2w.vn/phim/tales-of-terror-from-tokyo-and-all-over-japan/,Tales Of Terror From Tokyo And All Over Japan,2004,"Một tuyển tập những câu chuyện ma ngắn rùng rợn, dựa trên truyền thuyết đô thị và các trải nghiệm kỳ bí có thật tại Tokyo và khắp nước Nhật, khiến người xem rợn gáy chỉ trong vài phút.","[""Kinh dị""]","[""Akio Yoshida"", ""Kosuke Suzuki""]","[""Naoto Takenaka"", ""Yasufumi Hayashi""]",[]
w2w,https://w2w.vn/phim/tam-than-hoang-loan/,Tâm Thần Hoảng Loạn,1960,"Tâm Thần Hoảng Loạn: 1 người đàn bà trẻ, Marion Crane , đánh cắp 1 chiếc valise chứa 40 ngàn dollars mà chủ của cô yêu cầu phải gửi nhà băng. Trong lúc bỏ trốn, đêm đó nàng ta nghỉ chân tại 1 motel ít người lui tới và được tiếp đón bởi Norman Bates (Antony Perkins). Theo lời anh ta kể thì anh đang sống tại 1 ngôi nhà gần bên với bà mẹ già tàn phế có tính cách rất khó chịu. Tối hôm ấy, trong lúc tắm để chuẩn bị lên giường ngủ, Marion bất thình lình bị bà già đó túm lấy và đâm điên loạn vào người cô nàng.Norman xuất hiện, giấu xác Marion cùng với chiếc xe hơi (với cả 40 ngàn dollars trong rương) dưới 1 cái hồ gần motel. Cô em gái Marion, Leila và Sam(tình nhân của Marion), cùng với 1 viên thám tử của 1 hãng bảo hiểm lên đường tìm kiếm cô nàng, hy vọng lấy ...","[""Kinh dị"", ""Giật gân"", ""Bí ẩn""]","[""Alfred Hitchcock""]","[""Anthony Perkins"", ""Janet Leigh"", ""Vera Miles"", ""John Gavin"", ""Martin Balsam"", ""John McIntire"", ""Simon Oakland"", ""Frank Albertson""]",[]
w2w,https://w2w.vn/phim/tan-binh/,Tân binh,2025,"Sau khi bốc đồng gia nhập Thủy quân Lục chiến Hoa Kỳ, thiếu niên bị bắt nạt nọ tìm thấy mục đích mới và tình anh em không ngờ tới với đội tân binh hỗn tạp của mình.","[""Hài hước"", ""Chính kịch"", ""Chiến tranh""]","[""Andy Parker""]","[""Miles Heizer"", ""Max Parker"", ""Vera Farmiga"", ""Liam Oh"", ""Cedrick Cooper"", ""Ana Ayora"", ""Angus O'Brien"", ""Kieron Moore""]",[]
w2w,https://w2w.vn/phim/tan-so-ngam/,tần số ngầm,2026,"Người dẫn một podcast nổi tiếng về hiện tượng siêu nhiên bắt đầu bị ám ảnh bởi những bản ghi âm kinh hoàng được gửi đến cô một cách bí ẩn. Khi càng đào sâu vào nguồn gốc của các đoạn ghi ấy, ranh giới giữa công việc và nỗi sợ cá nhân dần sụp đổ.","[""Kinh dị"", ""Bí ẩn""]","[""Ian Tuason""]","[""Nina Kiri"", ""Adam DiMarco"", ""Keana Bastidas"", ""Jeff Yung"", ""Michèle Duquet"", ""Ryan Turner"", ""Ari Millen"", ""Marisol D’Andrea""]",[]
w2w,https://w2w.vn/phim/tay-du-ky-dai-nao/,Tây Du Ký Đại Náo,2026,"Trên đường sang Tây Trúc thỉnh kinh, 4 thầy trò Đường Tăng bất ngờ bị nhóm yêu quái gồm Ngưu Ma Vương, Thiết Phiến Công Chúa, Hồ Ly Tinh và Nhện Tinh phục kích. Trong lúc giao tranh, Ngộ Không bị quạt Ba Tiêu thổi bay sang một vết nứt không gian, rơi xuống một bãi rác lớn tại Thái Lan thời hiện đại. Tại đây, trong tình trạng mất đi gậy Như Ý, Mỹ Hầu Vương tình cờ được một gia đình nghèo khó cưu mang. Hành trình mới bắt đầu khi Ngộ Không vừa phải thích nghi với thế giới xa lạ, vừa tìm đường quay về cứu sư phụ, đồng thời đối mặt với những thử thách đầy cảm xúc ở thời hiện đại.","[""Hài hước"", ""Tưởng tượng"", ""Phiêu lưu""]","[""พชร์ อานนท์""]","[""ผดุง ทรงแสง"", ""ชูศักดิ์ เอี่ยมสุข"", ""กาจบัณฑิต ใจดี"", ""จักริน ภูริพัฒน์"", ""องอาจ เจียมเจริญพรกุล"", ""นิภาภรณ์ ฐิติธนการ"", ""กฤตนัย อาสาฬห์ประกิต"", ""พีจัง กฤษณะ ปันใจ""]",[]
w2w,https://w2w.vn/phim/ten-cau-la-gi/,Tên Cậu Là Gì?,2016,"Bộ phim là câu chuyện hoán đổi cơ thể của 2 cô cậu Mitsuha - nữ sinh trung học sống ở một thị trấn nhỏ của vùng Itomori và Taki – nam sinh tại thủ đô Tokyo đầy sôi động. Mitsuha luôn chán chường với cuộc sống tẻ nhạt của mình và mơ ước được làm anh chàng đẹp trai sống tại thủ đô. Trong khi đó, Taki hằng đêm lại nhìn thấy mình trong hình hài cô gái vùng miền quê. Ước mơ của cả 2 đã thành sự thật khi sao chổi nghìn năm xuất hiện trên trái đất và rồi cứ cách ngày lại được hoán đổi cơ thể cho nhau.","[""Hoạt hình"", ""Chính kịch"", ""Tình cảm""]","[""新海誠""]","[""Kamiki Ryunosuke"", ""上白石萌音"", ""Narita Ryo"", ""悠木碧"", ""島﨑信長"", ""Ishikawa Kaito"", ""谷花音"", ""てらそままさき""]",[]
w2w,https://w2w.vn/phim/tenet/,Tenet,2020,"Hai nhân vật được một tổ chức bí ẩn chiêu mộ, sử dụng một thứ được gọi là “Tenet” - được cho là “có thể mở ra những cửa đúng” và “vài cửa sai”, nhằm ngăn chặn Thế chiến thứ III từ trước khi nó xảy ra. Thay vì du hành thời gian, phương pháp nó hoạt động là “nghịch đảo” những gì đã có.","[""Hành động"", ""Giật gân"", ""Viễn tưởng""]","[""Christopher Nolan""]","[""John David Washington"", ""Robert Pattinson"", ""Elizabeth Debicki"", ""Kenneth Branagh"", ""Dimple Kapadia"", ""Michael Caine"", ""Martin Donovan"", ""Fiona Dourif""]",[]
w2w,https://w2w.vn/phim/terra-nova/,Terra Nova,2011,"Khi Trái Đất đang cạn kiệt tài nguyên và đứng bên bờ tuyệt chủng vào năm 2149, một nhóm người được gửi ngược về thời khủng long 85 triệu năm trước để xây dựng lại nền văn minh – nhưng họ nhanh chóng nhận ra rằng thiên nhiên hoang dã không phải là mối đe dọa duy nhất.","[""Viễn tưởng""]","[""Steven Spielberg""]","[""Jason O'Mara""]",[]
w2w,https://w2w.vn/phim/tham-sat-my-lai/,Thảm Sát Mỹ Lai,2010,"My Lai Four là một bộ phim nói về câu chuyện của một trung đội lính Mỹ gây ra vụ thảm sát kinh hoàng tại Mỹ Lai – Việt Nam (Mỹ Lai là một ngôi làng nhỏ thuộc huyện Sơn Tịnh, tỉnh Quảng Ngãi). Bộ phim này được chuyển thể từ tác phẩm đoạt giải Pulitzer của Seymour Hersh.","[""Chiến tranh"", ""Chính kịch"", ""Tội phạm""]","[""Paolo Bertola""]","[""Alvin Anson"", ""Gianluca Baldari"", ""Beau Ballinger"", ""Ronny Boos"", ""Michael Bruggink"", ""Daniele Campelli"", ""James 'Scotty' Crawford"", ""Riccardo Flammini""]",[]
w2w,https://w2w.vn/phim/tham-tu-kien-ky-an-khong-dau/,Thám Tử Kiên: Kỳ Án Không Đầu,2025,"Thám tử Kiên, nhân vật được yêu thích trong Người vợ cuối cùng, sẽ trở lại trong Thám tử Kiên Kỳ Không Đầu với thể loại kinh dị trinh thám. Anh sẽ điều tra một vụ án bí ẩn và kinh hoàng.","[""Tội phạm"", ""Lịch sử"", ""Kinh dị""]","[""Victor Vũ""]","[""Quốc Huy"", ""Ngọc Diệp"", ""Đoàn Minh Anh"", ""Quốc Anh"", ""Tín Nguyễn"", ""Anh Phạm"", ""Quốc Cường"", ""Mỹ Uyên""]",[]
w2w,https://w2w.vn/phim/tham-tu-se-loc-huy-4/,Thám Tử Sê Lốc Huy 4,2024,"Bộ phim điện ảnh ""Thám Tử Sê Lốc Huy Truyền Kỳ - Phần 4"" của Đạo diễn : Oppa Huy. 🔹Thể loại: Trinh thám + Hành động 🔹Thời lượng: 101 phút. 🔹Bộ phim với kinh phí đầu tư kỷ lục ( 10 con số ). Với sự góp mặt của các Võ sư, các HLV võ thuật, các vận động viên Võ thuật. Tất cả cùng tạo nên 1 bộ phim hành động siêu mãn nhãn. Cam kết 3 KHÔNG : 1. Không Cascadeur ( Diễn viên đóng thế ) 2. Không đu dây 3. Không hiệu ứng máy tính Khán giả có thể xem được những phân cảnh thực tế, chân thực và mãn nhãn nhất ! Hãy cùng Thám Tử Sê Lốc Huy đi tìm sự thật !",[],"[""Nguyễn Văn Huy""]","[""Nguyễn Văn Huy""]",[]
w2w,https://w2w.vn/phim/tham-tu-sherlock-holmes/,Thám Tử Sherlock Holmes,2009,"Sau khi hàng loạt án mạng tàn bạo và sặc mùi cuồng tín xảy ra, Sherlock Holmes và người trợ tá đắc lực - bác sĩ John Watson - ra tay kịp thời cứu mạng nạn nhân tiếp theo và vạch mặt kẻ thủ ác: Blackwood. Tuy nhiên, đối với kẻ khát máu này, cái chết không hề làm hắn run sợ, mà ngược lại, bản án tử hình Sherlock Holmes ""tuyên"" cho hắn còn thúc đẩy hắn nhanh chóng hoàn thiện mưu đồ hắc ám của mình. Càng truy đuổi theo những đầu mối, ngài thám tử và vị bác sĩ tài ba càng dấn sâu vào một thế giới được thao túng bởi thế lực hắc ám và đầy rẫy những công cụ khoa học đáng sợ...","[""Phiêu lưu"", ""Tội phạm"", ""Bí ẩn""]","[""Guy Ritchie""]","[""Robert Downey Jr."", ""Jude Law"", ""Rachel McAdams"", ""Mark Strong"", ""Eddie Marsan"", ""Robert Maillet"", ""Geraldine James"", ""Kelly Reilly""]",[]
w2w,https://w2w.vn/phim/than-sam-iii-tan-the-ragnarok/,Thần sấm III: Tận Thế Ragnarok,2017,"Ở bên kia vũ trụ, Thor (Chris Hemsworth) phải bước vào một cuộc chiến đầy khốc liệt với đối thủ mà anh sẽ gặp là một đồng đội cũ đến từ biệt đội Avenger – Hulk. Cuộc tìm kiếm sự sống còn của Thor khiến anh phải chạy đua với thời gian để ngăn chặn Hela (Cate Blanchett) tiêu diệt cả thế giới anh đang sống cùng nền văn minh Asgard.","[""Hành động"", ""Viễn tưởng"", ""Hài hước""]","[""Taika Waititi""]","[""Chris Hemsworth"", ""Mark Ruffalo"", ""Tom Hiddleston"", ""Cate Blanchett"", ""Idris Elba"", ""Jeff Goldblum"", ""Tessa Thompson"", ""Karl Urban""]",[]
w2w,https://w2w.vn/phim/thanh-guom-diet-quy-vo-han-thanh/,Thanh Gươm Diệt Quỷ: Vô Hạn Thành,2025,"Khi các thành viên của Sát Quỷ Đoàn và Trụ Cột tham gia vào chương trình đặc huấn để chuẩn bị cho trận chiến sắp với lũ quỷ, Kibutsuji Muzan xuất hiện tại Dinh thự Ubuyashiki. Khi thủ lĩnh của Sát Quỷ Đoàn gặp nguy hiểm, Tanjiro và các Trụ Cột trở về trụ sở Thế nhưng, Muzan bất ngờ kéo toàn bộ Sát Quỷ Đoàn đến hang ổ cuối cùng của lũ quỷ là Vô Hạn Thành, mở màn cho trận đánh cuối cùng của cả hai phe.","[""Hành động"", ""Hoạt hình"", ""Tưởng tượng""]","[""外崎春雄""]","[""Hanae Natsuki"", ""櫻井孝宏"", ""石田彰"", ""下野紘"", ""細谷佳正"", ""早見沙織"", ""宮野真守"", ""上田麗奈""]",[]
w2w,https://w2w.vn/phim/thanh-pho-bong-toi/,Thành Phố Bóng Tối,2025,"Khi Barcelona rúng động trước vụ thi thể treo lơ lửng giữa ngọn lửa tại một trong những tòa nhà tiêu biểu nhất của Gaudí, một thanh tra bị ghét bỏ phải tái xuất để bắt hung thủ.","[""Tội phạm"", ""Bí ẩn""]","[""-""]","[""Isak Férriz"", ""Verónica Echegui"", ""Ana Wagener"", ""Manolo Solo"", ""Irene Montalà"", ""Marc Clotet"", ""Aina Clotet"", ""María Adánez""]",[]
w2w,https://w2w.vn/phim/that-dai-toi/,Thất Đại Tội,1995,"Hai viên cảnh sát William Somerset và David Mills phối hợp điều tra một vụ án phức tạp liên quan đến 7 điều cấm trong Kinh thánh. Hung thủ được dự đoán là do trước kia hắn lớn lên trong môi trường đạo nghiêm khắc nên tâm lí bất ổn và rồi lần lượt giết người dựa trên 7 tội lỗi trong Kinh thánh mà hắn gán cho mỗi người. 7 tội lỗi đó là: kiêu hãnh (Pride), ghen tị (Envy), ham ăn (Gluttony), sắc dục (Lust), tức giận (Wrath), tham lam (Greed) và lười biếng (Sloth). Án mạng đầu tiên là một tên béo phì với dòng chữ Gluttony viết bằng máu trên tường. Greed là án mạng xảy ra sau đó ở nơi làm của 1 tên luật sư. Một tên buôn ma túy tên Victor bị giết với tội lười biếng - Sloth. Lust là tội gán cho một cô gái điếm. Cuối cùng, Pride là 1 cô nàng quá mải mê chăm chút bề ngoài của mình.","[""Tội phạm"", ""Bí ẩn"", ""Giật gân""]","[""David Fincher""]","[""Morgan Freeman"", ""Brad Pitt"", ""Gwyneth Paltrow"", ""John Cassini"", ""Peter Crombie"", ""Reg E. Cathey"", ""R. Lee Ermey"", ""Daniel Zacapa""]",[]
w2w,https://w2w.vn/phim/the-amazing-digital-circus/,the amazing digital circus,2023,"Một cô gái tỉnh dậy và thấy mình bị mắc kẹt trong một thế giới rối loạn mang phong cách rạp xiếc kỹ thuật số. Tại đây, cô cùng những “kẻ bị giam” khác phải đối mặt với sự điên loạn, những thực thể kỳ dị và chính tâm trí đang dần sụp đổ của bản thân – mà không có đường thoát.","[""Hoạt hình""]","[""Gooseworx""]","[""Lizzie Freeman"", ""Michael Kovach""]",[]
w2w,https://w2w.vn/phim/the-dead-girls/,The Dead Girls,2025,"Chuyển thể từ tiểu thuyết của Jorge Ibargüengoitia, loạt phim này kể về cách chị em nhà Baladro xây dựng đế chế nhà thổ và trở thành những sát nhân tàn nhẫn ở Mexico thập niên 60.","[""Chính kịch"", ""Tội phạm""]","[""Luis Estrada""]","[""Arcelia Ramírez"", ""Paulina Gaitán"", ""Joaquín Cosío"", ""Mauricio Isaac"", ""Alfonso Herrera"", ""Leticia Huijara"", ""Carlos Aragón"", ""Sonia Couoh""]",[]
w2w,https://w2w.vn/phim/the-gioi-ngam/,Thế Giới Ngầm,2003,"Underworld là một bộ phim hành động kinh dị về bí mật giữa 2 dòng họ Vampires và Lycans. Câu chuyện chủ yếu xoay quanh Selene, một vampire được gọi là ""Death Dealer"", hay gọi là thợ săn Lycans.Cô ấy bị quyến rũ bởi Michael Corvin - người bị bọn Lycans săn đuổi. Micheal bị Lycans cắn và anh sẽ biến trở thành Lycan, Selence đang cố gắng để không cho điều đó xảy ra…","[""Tưởng tượng"", ""Hành động"", ""Giật gân""]","[""Len Wiseman""]","[""Kate Beckinsale"", ""Scott Speedman"", ""Michael Sheen"", ""Shane Brolly"", ""Bill Nighy"", ""Erwin Leder"", ""Sophia Myles"", ""Robbie Gee""]",[]
w2w,https://w2w.vn/phim/the-gioi-rac/,Thế Giới Rác,2025,"Rudo sống cùng cha nuôi Regto tại khu ổ chuột, căm ghét sự xa hoa và phung phí của tầng lớp thượng lưu. Một ngày nọ, anh phát hiện Regto bị sát hại và ngay lập tức bị buộc tội giết người, rồi bị ném xuống Địa Ngục - nơi chôn vùi tất cả những gì mà xã hội coi là rác rưởi. Tưởng chừng phải bỏ mạng, Rudo sống sót và tỉnh dậy giữa một thế giới kỳ dị đầy quái vật được tạo nên từ rác. Được một chiến binh bí ẩn mang tên Enjin cứu giúp, Rudo phát hiện ra sức mạnh mới cùng trách nhiệm tiêu diệt quái vật của mình. Mang theo nỗi căm phẫn và khát khao phục thù, cậu bắt đầu hành trình lội ngược dòng từ đáy vực tối tăm để giành lại công lý và sự thật.","[""Hoạt hình"", ""Phiêu lưu"", ""Chính kịch"", ""Viễn tưởng""]","[""-""]","[""市川蒼"", ""小西克幸"", ""花守ゆみり""]",[]
w2w,https://w2w.vn/phim/the-last-dinner/,The Last Dinner,2024,"Khi linh hồn mẹ Trang bất ngờ hiện về thông qua một chương trình giọng nói mô phỏng mẹ cô vào ngày cúng chung thất, Trang tìm cách xua tan dự cảm không lành của mẹ về hoàn cảnh sống mới của cô.","[""Chính kịch"", ""Giật gân""]","[""Đức Nhật""]","[""Sophie Tường Vy"", ""Nghi Nguyễn"", ""Thuy Hoang""]",[]
w2w,https://w2w.vn/phim/thien-duong-mau/,Thiên Đường Máu,2025,"Thiên Đường Máu là phim điện ảnh đầu tiên về nạn lừa đảo người Việt ra nước ngoài. Tin lời hứa ""việc nhẹ lương cao"", không ít thanh niên bị đưa đến những ""đặc khu"", nơi họ trải qua cảnh giam lỏng và bị ép buộc phải gọi điện để lừa ngược lại chính đồng bào mình. Nhiều người trong số đó đã tìm cách đào thoát khỏi địa ngục mà họ đã trót dấn thân vào","[""Hành động"", ""Tội phạm""]","[""Hoàng Tuấn Cường""]","[""Ngô Quang Tuấn"", ""Quách Ngọc Ngoan"", ""Hoài Lâm"", ""Thanh Hương"", ""Sỹ Toàn""]",[]
w2w,https://w2w.vn/phim/thoa-thuan-hoc-duong/,Thỏa Thuận Học Đường,2026,"Hannah Wells nhận lời phụ đạo cho đội trưởng đội khúc côn cầu Garrett Graham chỉ nhằm mục đích thu hút sự chú ý của chàng trai cô đang thầm thương trộm nhớ. Thế nhưng, bản hợp đồng trao đổi giữa họ dần biến thành một sợi dây tình cảm chân thực khi cả hai cùng nhau đối diện với những góc khuất trong quá khứ của đối phương. Bên cạnh đó, nhóm bạn thân gồm Logan, Dean, Tucker và Allie cũng phải tự mình chèo lái qua những thăng trầm của cuộc sống đại học và những ngã rẽ của tình yêu.","[""Chính kịch""]","[""Gina Fattore""]","[""Ella Bright"", ""Belmont Cameli"", ""Mika Abdalla"", ""Stephen Kalyn"", ""Jalen Thomas Brooks"", ""Antonio Cipriano""]",[]
w2w,https://w2w.vn/phim/thoai-thuat-su-khet-tieng-nhat-dieu-hanh-gia-toc-vi-dai-nhat-the-gioi/,"[Thoại Thuật Sư] Khét Tiếng Nhất, Điều Hành Gia Tộc Vĩ Đai Nhất Thế Giới",2024,"Noel khao khát trở thành một Seeker như ông ngoại anh hùng của mình, tiêu diệt những con quái vật xuất hiện từ Abysses và khám phá những vùng đất xa xôi. Thật không may, hóa ra anh ta chỉ là một Talker tầm thường - một công việc không có kỹ năng chiến đấu nào cả. Không nản chí, Noel quyết tâm thành lập gia tộc mạnh nhất toàn đất nước, sử dụng tài nói dẻo miệng của mình để kết hợp các sát thủ và anh hùng dưới sự lãnh đạo của anh ta.","[""Hoạt hình"", ""Phiêu lưu"", ""Viễn tưởng""]","[""-""]","[""山下大輝"", ""芹澤優"", ""大桃陽介"", ""坂田将吾"", ""子安武人"", ""咲野俊介"", ""中島ヨシキ"", ""本渡楓""]",[]
w2w,https://w2w.vn/phim/thuc-tap/,Thực Tập,2026,"Một sát thủ được CIA huấn luyện chiêu mộ những người tốt nghiệp khác từ chương trình đào tạo bí mật thời thơ ấu của cô, “Chương trình Thực tập”, để tiêu diệt tổ chức bằng bạo lực. CIA chống trả bằng vũ lực chết người.","[""Hành động""]","[""James Bamford""]","[""Lizzy Greene"", ""Megan Boone"", ""Sky Katz"", ""Philip Winchester"", ""Alix Villaret"", ""Ollie Roddy"", ""Kaine Buffonge"", ""Will Pierson""]",[]
w2w,https://w2w.vn/phim/thung-lung-xe-hoi/,Thung lũng xe hơi,2026,"Nỗ lực giành quyền kiểm soát đế chế đua xe của gia đình, nữ thừa kế nọ thuê một tay đua liều lĩnh và một huấn luyện viên mang nhiều tổn thương để tranh tài ở Italian Gran Turismo.","[""Chính kịch"", ""Phiêu lưu""]","[""Matteo Rovere"", ""Gianluca Bernardini"", ""Francesca Manieri""]","[""Giulia Michelini"", ""Luca Argentero"", ""Caterina Forza"", ""Davide Donin"", ""Ivano Chinali"", ""Giovanna Mezzogiorno"", ""Leonardo Bianconi"", ""Giuseppe Spata""]",[]
w2w,https://w2w.vn/phim/thuyet-yeu-thuong/,Thuyết Yêu Thương,2014,"Dựa trên cuốn hồi ký của bà Jane Hawking, bộ phim tâm lý tình cảm được 5 đề cử Oscar 2015 là một trong những tác phẩm hút nước mắt khán giả nhất năm qua.Năm 2002, A Beautiful Mind - bộ phim về cuộc đời nhà bác học John Nash của thế kỷ 20 - chiến thắng thuyết phục với 4 tượng vàng Oscar. Trong niềm ngưỡng mộ dành cho một trí tuệ siêu phàm, một tâm hồn cao đẹp cùng tâm huyết của đoàn làm phim, không ít người đã tiên đoán, sẽ có ngày Hollywood vinh danh Stephen Hawking - người khổng lồ của khoa học thế kỷ 21 như thế. The Theory of Everything, ra đời hơn một thập kỷ sau, đã biến những lời dự đoán cũng như niềm mong mỏi của khán giả yêu điện ảnh thành hiện thực.Đây không phải là bộ phim đầu tiên lấy cảm hứng về Stephen Hawking. ...","[""Chính kịch"", ""Tình cảm""]","[""James Marsh""]","[""Eddie Redmayne"", ""Felicity Jones"", ""Charlie Cox"", ""Emily Watson"", ""Simon McBurney"", ""David Thewlis"", ""Maxine Peake"", ""Harry Lloyd""]",[]
w2w,https://w2w.vn/phim/tieng-coi-tu-than/,Tiếng Còi Tử Thần,2026,"Một nhóm học sinh trung học lạc lõng tình cờ phát hiện một chiếc còi tử thần cổ xưa của người Aztec. Họ sớm nhận ra rằng mỗi khi thổi chiếc còi này, âm thanh kinh hoàng phát ra sẽ triệu hồi chính cái chết trong tương lai của họ quay lại săn lùng. Khi số người thiệt mạng ngày càng tăng, cả nhóm buộc phải lần theo nguồn gốc của di vật chết chóc ấy, trong nỗ lực tuyệt vọng nhằm chấm dứt chuỗi sự kiện kinh hoàng mà chính họ đã vô tình khởi động.","[""Kinh dị"", ""Bí ẩn""]","[""Corin Hardy""]","[""Dafne Keen"", ""Sophie Nélisse"", ""Sky Yang"", ""Jhaleil Swaby"", ""Alissa Skovbye"", ""Percy Hynes White"", ""Michelle Fairley"", ""Nick Frost""]",[]
w2w,https://w2w.vn/phim/tieng-yeu-nay-anh-dich-duoc-khong/,"Tiếng yêu này, anh dịch được không?",2026,"Đi khắp thế giới để quay chương trình truyền hình, cảm xúc của một người nổi tiếng và phiên dịch viên của cô lại chẳng thể nào thông dịch. Liệu tình yêu có tìm được ngôn ngữ riêng?","[""Chính kịch"", ""Hài hước""]","[""홍정은"", ""홍미란"", ""유영은""]","[""김선호"", ""Go Youn-jung"", ""福士蒼汰"", ""이이담"", ""최우성""]",[]
w2w,https://w2w.vn/phim/tieu-thu-emma/,Tiểu Thư Emma,2020,"Một phụ nữ trẻ kiêu hãnh và nhiều đặc quyền can thiệp vào cuộc sống của những người quanh mình, rồi nhận ra rằng cô không hoàn toàn khôn ngoan hay có ý tốt như cô nghĩ.","[""Hài hước"", ""Tình cảm"", ""Chính kịch""]","[""Autumn de Wilde""]","[""Anya Taylor-Joy"", ""Johnny Flynn"", ""Josh O'Connor"", ""Callum Turner"", ""Mia Goth"", ""Miranda Hart"", ""Bill Nighy"", ""Rupert Graves""]",[]
w2w,https://w2w.vn/phim/tieu-thu-jones-suy-vi-anh/,Tiểu Thư Jones: Suy Vì Anh,2025,"Tiểu thư Jones đối mặt với cuộc sống là một góa phụ và mẹ đơn thân, nhận sự hỗ trợ từ gia đình và bạn bè. Cô trở lại với công việc và tìm kiếm những mối quan hệ mới qua các ứng dụng hẹn hò.","[""Tình cảm"", ""Hài hước"", ""Chính kịch""]","[""Michael Morris""]","[""Renée Zellweger"", ""Chiwetel Ejiofor"", ""Leo Woodall"", ""Hugh Grant"", ""Jim Broadbent"", ""Gemma Jones"", ""Colin Firth"", ""Sarah Solemani""]",[]
w2w,https://w2w.vn/phim/tin-hieu-bi-mat-tu-khong-gian/,Tín hiệu: Bí mật từ không gian,2024,"Việc một phi hành gia mất tích khiến gia đình cô điên cuồng tìm kiếm câu trả lời. Nhưng họ càng lật mở nhiều sự thật, mối đe dọa đối với họ và thế giới càng lớn.","[""Viễn tưởng"", ""Chính kịch"", ""Bí ẩn""]","[""-""]","[""Florian David Fitz"", ""Peri Baumeister"", ""Yuna Bennett""]",[]
w2w,https://w2w.vn/phim/tit-xa-phuong-bac/,Tít xa phương bắc,2025,"Cô nàng lạc quan nọ dấn thân vào hành trình làm mới bản thân tại thị trấn nhỏ bé của mình ở Bắc Cực, nơi mọi người đều biết rõ chuyện của nhau.","[""Hài hước""]","[""Stacey Aglok MacDonald"", ""Alethea Arnaquq-Baril""]","[""Anna Lambe""]",[]
w2w,https://w2w.vn/phim/to-quoc-trong-tim-the-concert-film/,Tổ Quốc Trong Tim: The Concert Film,2025,"Sau thành công rực rỡ của “Concert Quốc gia – Tổ Quốc Trong Tim” diễn ra ngày 10/8 tại Sân vận động Quốc gia Mỹ Đình, cùng với sự mong đợi và yêu cầu từ đông đảo công chúng, Báo Nhân Dân quyết định ra mắt “Tổ Quốc Trong Tim: The Concert Film”. Bộ phim không chỉ tái hiện lại một sự kiện văn hóa – nghệ thuật mang dấu ấn lịch sử, mà còn là hành trình lan tỏa mạnh mẽ tình yêu Tổ quốc và niềm tự hào dân tộc.","[""Tài liệu"", ""Âm nhạc""]","[""-""]","[""-""]",[]
w2w,https://w2w.vn/phim/toi-do-sinner/,Tội Đồ,2025,"Hai nhân vật chính trốn khỏi cuộc sống đô thị ồn ào trở về quê nhà, tìm khởi đầu mới nhưng lại đối mặt với thế lực quỷ dữ đang ẩn náu.","[""Hành động"", ""Kinh dị"", ""Giật gân""]","[""Ryan Coogler""]","[""Michael B. Jordan"", ""Hailee Steinfeld"", ""Miles Caton"", ""Jack O'Connell"", ""Wunmi Mosaku"", ""Jayme Lawson"", ""Omar Benson Miller"", ""Delroy Lindo""]",[]
w2w,https://w2w.vn/phim/toi-loi-giau-kin/,Tội lỗi giấu kín,2025,Một người phụ nữ có cuộc hôn nhân đầy kiểm soát tìm thấy niềm an ủi và sự trả thù trong cuộc tình với một người đàn ông trẻ hơn. Rồi mọi chuyện hóa cuộc chiến sinh tồn nguy hiểm.,"[""Chính kịch"", ""Tội phạm""]","[""Leticia López Margalli"", ""Guillermo Ríos"", ""Felipe Aguilar Dulcé"", ""Pablo Ambrosini""]","[""Zuria Vega"", ""Andres Baida"", ""Erik Hayser"", ""Ana Sofía Gatica"", ""Manuel Masalva"", ""Mario Morán""]",[]
w2w,https://w2w.vn/phim/tojima-muon-tro-thanh-kamen-rider/,Tojima Muốn Trở Thành Kamen Rider,2025,"Ngay cả khi đã bước sang tuổi 40, Tojima Tanzaburo vẫn tha thiết muốn trở thành một Kamen Rider. Đúng lúc giấc mơ tưởng chừng như không bao giờ thành hiện thực, anh lại vướng vào một loạt vụ cướp khét tiếng lấy cảm hứng từ Shocker... Shibata Yokusaru, tác giả của Air Master và 81 Diver, kể về câu chuyện của những người trưởng thành yêu thích Kamen Rider quá mức, và bắt đầu chơi trò giả vờ... thật!","[""Hoạt hình"", ""Phiêu lưu"", ""Hài hước""]","[""-""]","[""小西克幸"", ""茅野愛衣"", ""鈴村健一"", ""Saito Soma"", ""ファイルーズあい""]",[]
w2w,https://w2w.vn/phim/tong-bi-thu-nguyen-phu-trong-nha-lanh-dao-kien-trung-tri-tue-va-mau-muc/,"Tổng bí thư Nguyễn Phú Trọng - Nhà lãnh đạo kiên trung, trí tuệ và mẫu mực",2024,"Với 80 năm tuổi đời, 57 năm tuổi Đảng, Tổng bí thư Nguyễn Phú Trọng đã có cống hiến đặc biệt xuất sắc đối với sự nghiệp của Đảng Cộng sản Việt Nam và của dân tộc Việt Nam.","[""Tài liệu""]","[""Lê Hồng Chương"", ""Đặng Thái Huyền""]","[""Nguyễn Phú Trọng""]",[]
w2w,https://w2w.vn/phim/trai-snoopy-camp-snoopy/,Trại Snoopy - Camp Snoopy,2024,"Sau khi phát hiện đội nhóm của mình có nguy cơ tan rã, Snoopy và đội Beagle Scouts bước vào hành trình về với thiên nhiên để được thưởng huy hiệu. Trong lúc đó, Charlie Brown và các bạn tận hưởng mùa hè ở trại Remote.","[""Hoạt hình"", ""Gia đình""]","[""Scott Montgomery"", ""Rob Boutilier""]","[""Etienne Kellici"", ""Terry McGurrin"", ""Rob Tinkler"", ""Caleb Bellavance"", ""Cash Allen-Martin""]",[]
w2w,https://w2w.vn/phim/trai-suc-vat/,Trại Súc Vật,2026,"Một nhóm động vật trong trang trại nổi dậy chống lại người chủ bỏ bê chúng, mang theo giấc mơ về bình đẳng và tự do. Nhưng khi bầy heo nắm quyền kiểm soát, cuộc cách mạng dần biến thành chế độ độc tài, nơi sự thật bị bóp méo và mọi tiếng nói phản kháng đều bị đàn áp.","[""Hoạt hình"", ""Hài hước"", ""Chính kịch"", ""Gia đình""]","[""Andy Serkis""]","[""Seth Rogen"", ""Gaten Matarazzo"", ""Steve Buscemi"", ""Glenn Close"", ""Laverne Cox"", ""Kieran Culkin"", ""Woody Harrelson"", ""Jim Parsons""]",[]
w2w,https://w2w.vn/phim/tram-nam-co-don/,Trăm năm cô đơn,2024,"Tại thị trấn Macondo vượt thời gian, bảy thế hệ của gia đình Buendía xoay xở với tình yêu, sự lãng quên và việc không thể thoát khỏi quá khứ cũng như số phận của họ.","[""Chính kịch"", ""Viễn tưởng""]","[""-""]","[""-""]",[]
w2w,https://w2w.vn/phim/tran-chien-sau-tran-chien/,Trận Chiến Sau Trận Chiến,2025,"Mười sáu năm sau ngày kẻ thù tàn bạo bị xóa sổ, nhóm cựu chiến sĩ cách mạng buộc phải tái hợp để giải cứu con gái của một đồng đội thân thiết trong nhóm, đối mặt với hiểm nguy mới để bảo vệ di sản tình nghĩa và lý tưởng của họ.","[""Giật gân"", ""Tội phạm"", ""Hài hước""]","[""Paul Thomas Anderson""]","[""Leonardo DiCaprio"", ""Sean Penn"", ""Chase Infiniti"", ""Benicio del Toro"", ""Regina Hall"", ""Teyana Taylor"", ""Wood Harris"", ""Tony Goldwyn""]",[]
w2w,https://w2w.vn/phim/tremors/,Tremors,1990,"Hai người thợ sửa chữa ở một thị trấn hoang mạc nhỏ phải đối đầu với những sinh vật khổng lồ sống dưới lòng đất, săn mồi bằng cách cảm nhận âm thanh và rung động, khi cả thị trấn rơi vào hiểm họa tuyệt chủng.","[""Viễn tưởng""]","[""Ron Underwood""]","[""Kevin Bacon""]",[]
w2w,https://w2w.vn/phim/trigger/,Cò súng,2025,"Khi súng ống trái phép tràn vào Hàn Quốc – nơi cấm sử dụng súng, một cảnh sát cương quyết cùng cộng sự bí ẩn hợp lực để ngăn chặn tình trạng hỗn loạn lan rộng khắp đất nước.","[""Phiêu lưu"", ""Chính kịch"", ""Tội phạm""]","[""권오승""]","[""박윤호"", ""김남길"", ""김영광"", ""문성현"", ""박훈"", ""길해연"", ""김원해"", ""우지현""]",[]
w2w,https://w2w.vn/phim/tro-khi-bad-monkey/,Trò Khỉ - Bad Monkey,2024,"Một thanh tra nhà hàng vốn từng là điều tra viên ở Nam Florida bị cuốn vào thế giới đầy lòng tham và sự tham nhũng sau khi một du khách tìm thấy một cánh tay bị đứt lìa khi đang câu cá. Và vâng, có một con khỉ.","[""Hài hước"", ""Tội phạm""]","[""Bill Lawrence""]","[""Vince Vaughn"", ""L. Scott Caldwell"", ""Rob Delaney"", ""Meredith Hagner"", ""Natalie Martinez"", ""Alex Moffat"", ""Michelle Monaghan"", ""Ronald Peet""]",[]
w2w,https://w2w.vn/phim/truc-ngoc/,Trục Ngọc,2026,"Bộ phim kể về cô nàng bán thịt Phàn Trường Ngọc, người có cuộc gặp gỡ định mệnh với hầu gia lưu lạc Tạ Chinh trong một đêm tuyết rơi. Một người mồ côi cha mẹ, quyết tâm trở thành nữ chủ hộ còn một người cố gắng mai danh ẩn tích để trả mối huyết thù 17 năm. Hai người ""mỗi người một mục đích"" đã diễn một vở kịch hôn nhân giả nhưng lại chớm nở một tình yêu thật! Từ lợi dụng nhau đã biến thành yêu thương, nhưng tình yêu ấy lại mang đến cuộc chiến đẫm máu, khiến đôi trai gái phải chia lìa. Phàn Trường Ngọc cầm dao mổ lợn ra chiến trường tìm người thân, tìm chồng, tìm công lý. Tạ Chinh trở lại là vị thiết huyết hầu gia, bảo vệ đất nước, che chở người yêu và truy tìm sự thật! Cuối cùng họ cũng gặp lại nhau nơi chiến trường, sát cánh bên nhau không sợ sinh tử; vạch trần sự thật, không e dè quyền uy; trở về quê hương mà vẫn giữ trọn tấm lòng ban đầu!","[""Chính kịch""]","[""团子来袭"", ""曾庆杰""]","[""Điền Hi Vi"", ""Trương Lăng Hách"", ""Khổng Tuyết Nhi"", ""Đặng Khải""]",[]
w2w,https://w2w.vn/phim/trung-so/,Trúng số,2015,"Ra tù sau 15 năm, bác Tư Phi (danh hài Chí Tài) bối rối không biết làm sao hòa nhập với cộng đồng. Bỗng dưng may mắn trúng số độc đắc 9 tỉ, vốn tính hào phóng, bác vung tiền ra, hứa tặng mỗi người 10 triệu đồng. Lập tức hàng trăm người nhao nhao kéo đến, gây nên một cảnh hỗn loạn chưa từng có, những rắc rối cũng đến theo...Không chỉ vui nhộn, hài hước, bộ phim do tài tử Dustin Nguyễn đạo diễn còn được Việt Nam chọn gửi đi tranh giải Oscar 2015 bởi câu chuyện cổ tích giữa đời thường, ấm áp tình người và cảnh quay đẹp, trau chuốt về làng quê Nam bộ. Phim lấy cảm hứng từ một sự kiện có thật ở Long An, khi cô Lành bán vé số thành thật trả lại vé độc đắc 6,6 tỷ đồng cho người mua thiếu bằng miệng.","[""Hài hước""]","[""Dustin Nguyễn""]","[""Ninh Dương Lan Ngọc"", ""Dustin Nguyễn"", ""Chí Tài"", ""Mai Thế Hiệp""]",[]
w2w,https://w2w.vn/phim/truoc-ngay-em-den/,Trước Ngày Em Đến,2016,"Chuyện tình của cô gái 26 tuổi Louisa Clark sống ở một thị trấn cổ miền quê nước Anh. Lou là cô gái có phong cách ăn mặc màu mè khác biệt, không có phương hướng và ước mơ cá nhân cụ thể nào cả, dù rất vui vẻ lạc quan nhưng Lou lại phải vất vả làm việc để giúp đỡ gia đình khó khăn của mình. Công việc mới của Lou làm chăm sóc cho Will Traynor, một chủ nhà băng trẻ tuổi giàu có bị liệt nửa người và phải gắn chặt đời mình trên chiếc xe lăn. Tai nạn thảm khốc 2 năm trước đã biến Will từ một chàng trai mạnh mẽ phóng khoáng trở thành một người cố chấp, đầu hàng số phận. Cuộc gặp gỡ đã trở thành bước ngoặt làm thay đổi cuộc đời và trái tim của cả hai nhân vật.","[""Chính kịch"", ""Tình cảm""]","[""Thea Sharrock""]","[""Emilia Clarke"", ""Sam Claflin"", ""Janet McTeer"", ""Charles Dance"", ""Brendan Coyle"", ""Jenna Coleman"", ""Matthew Lewis"", ""Samantha Spiro""]",[]
w2w,https://w2w.vn/phim/truong-he-2001/,"Trường hè, 2001",2026,"Mùa hè năm 2001. Kiên, 17 tuổi và với mái tóc đỏ rực, trở về với gia đình tại một khu chợ nhộn nhịp ở Cheb sau một thập kỷ ở Việt Nam. Nhưng cuộc trở về không như cậu tưởng tượng: một người cha lạnh lùng, một người mẹ lo lắng, và một cậu em trai luôn sẵn sàng gây hấn mọi lúc. Khi cậu in Pokémon lên áo phông, loay hoay với ngữ pháp tiếng Séc và tán tỉnh bên hồ, một bí mật dần lộ ra và sẽ làm rung chuyển cả khu chợ.","[""Chính kịch"", ""Gia đình""]","[""Dužan Duong""]","[""Bùi Thế Dương"", ""Đoàn Hoàng Anh"", ""Tô Tiến Tài"", ""Lê Quỳnh Lan"", ""Dung Nguyen"", ""Thang Xuan Ngo"", ""Xuan Tiem To"", ""Thi Pham Nhung""]",[]
w2w,https://w2w.vn/phim/truy-tim-ky-uc/,Truy Tìm Ký Ức,1990,"Lấy bối cảnh tương lai, năm 2084. Douglas Quaid là một công nhân xây dựng. Hằng đêm Doug gặp những cơn ác mộng về sao Hỏa, điều này trở nên ám ảnh anh. Doug đến công ty Rekall, một công ty chuyên kinh doanh các loại ký ức giả về những kỳ nghỉ lý tưởng. Khi Doug được cấy vào người ký ức về sao Hỏa, mọi chuyện trở nên cực kỳ tồi tệ. Doug mất hết ký ức của mình và bị theo đuổi bởi một nhóm sát thủ. Cô vợ xinh đẹp của anh, Lori, cũng là một điệp viên, người khẳng định rằng cuộc đời anh là một vở kịch lừa dối, anh thực sự không phải là con người mà anh biết. Sau khi phát hiện ra mình là Hauser, một điệp viên tình báo của sao Hỏa, Quaid quyết định đến sao Hỏa với hy vọng tìm kiếm câu trả lời. Ở đó, anh gặp một người phụ nữ tên là Melina, người đang phục vụ cho phe nổi loạn, chống lại Vilos Cohaggen, nhà cầm quyền nhũng nhiễu ở đây. Khi Doug bắt đầu phát hiện ra con người thật của mình cũng là lúc anh nghi ngờ sự thật. Liệu đây là trò lừa của công ty Rekall hay tất cả là sự thật?","[""Hành động"", ""Phiêu lưu"", ""Viễn tưởng""]","[""Paul Verhoeven""]","[""Arnold Schwarzenegger"", ""Rachel Ticotin"", ""Sharon Stone"", ""Ronny Cox"", ""Michael Ironside"", ""Marshall Bell"", ""Mel Johnson Jr."", ""Michael Champion""]",[]
w2w,https://w2w.vn/phim/truyen-thuyet-hac-am-ve-malin-kundang/,Truyền Thuyết Hắc Ám Về Malin Kundang,2025,"Sau một tai nạn xe hơi dẫn đến mất trí nhớ, Alif nghi ngờ người phụ nữ tự xưng là người mẹ thất lạc lâu năm của mình là kẻ lừa đảo và quyết tâm tìm ra sự thật.","[""Chính kịch"", ""Bí ẩn"", ""Giật gân""]","[""Rafki Hidayat"", ""Kevin Rahardjo""]","[""Rio Dewanto"", ""Faradina Mufti"", ""Vonny Anggraini"", ""Jordan Omar"", ""Sulthan Hamonangan"", ""Gambit Saifullah"", ""Nova Eliza"", ""Tony Merle""]",[]
w2w,https://w2w.vn/phim/tu-thi-biet-noi/,Tử Thi Biết Nói,2016,Thi thể của cô nàng Jane Done vẫn nguyên vẹn sau khi chết nên cơ quan cảnh sát buộc phải yêu cầu 2 bác sĩ pháp y Cox và Hirsch thực hiện ca giải phẫu để tìm nguyên nhân cái chết. Những bí mật khủng khiếp đã được hé lộ dần dần và dường như có một thế lực đang gieo rắc nỗi kinh hoàng này...,"[""Kinh dị"", ""Bí ẩn""]","[""André Øvredal""]","[""Emile Hirsch"", ""Brian Cox"", ""Ophelia Lovibond"", ""Olwen Catherine Kelly"", ""Michael McElhatton"", ""Parker Sawyers"", ""Jane Perry"", ""Mark Phoenix""]",[]
w2w,https://w2w.vn/phim/tu-thu/,Tử thù,2026,Một cảnh sát LAPD không khoan nhượng bị ám ảnh với việc truy lùng tên siêu trộm đứng sau hàng loạt vụ cướp táo bạo và chỉ một người có thể chiến thắng.,"[""Phiêu lưu"", ""Chính kịch"", ""Tội phạm""]","[""Courtney Kemp Agboh"", ""Tani Marole""]","[""Matthew Law"", ""Y'lan Noel"", ""Cleopatra Coleman"", ""Tre Hale"", ""Domenick Lombardozzi"", ""Ariana Guerra"", ""Jonnie Park"", ""Gabrielle Dennis""]",[]
w2w,https://w2w.vn/phim/tu-vu-tru-john-wick-ballerina/,Từ Vũ Trụ John Wick: Ballerina,2025,"Lấy bối cảnh giữa sự kiện của Sát thủ John Wick: Phần 3 – Chuẩn Bị Chiến Tranh, bộ phim Từ Vũ Trụ John Wick: Ballerina theo chân Eve Macarro (thủ vai bởi Ana de Armas) trên hành trình trả thù cho cái chết của gia đình mình, dưới sự huấn luyện của tổ chức tội phạm Ruska Roma.","[""Hành động"", ""Giật gân"", ""Tội phạm""]","[""Len Wiseman""]","[""Ana de Armas"", ""Keanu Reeves"", ""Ian McShane"", ""Anjelica Huston"", ""Gabriel Byrne"", ""Catalina Sandino Moreno"", ""Ava McCarthy"", ""Juliet Doherty""]",[]
w2w,https://w2w.vn/phim/ve-que-an-tet/,Về Quê Ăn Tết,2018,"Jun Phạm sẽ vào vai chàng lơ xe đôn hậu, chân chất, luôn luôn khao khát một cái Tết đậm đà ý nghĩa trong chuyến hành trình về quê từ Sài Gòn đến Cà Mau. Còn Ngô Thanh Vân là một cô nàng ngổ ngáo với diện mạo độc đáo từ trước tới giờ. Một câu chuyện nhẹ nhàng lấy bối cảnh trên chuyến xe về quê đón Tết.","[""Hài hước"", ""Gia đình""]","[""Nguyễn Hoàng Anh"", ""Ngô Thanh Vân""]","[""Ngô Thanh Vân"", ""Jun Phạm"", ""Ngọc Tưởng"", ""Trung Dân"", ""Tiko Tien Cong"", ""Hải Triều"", ""Puka"", ""Việt Anh""]",[]
w2w,https://w2w.vn/phim/venom-keo-cuoi/,Venom: Kèo Cuối,2024,"Đây là phần phim cuối cùng và hoành tráng nhất về cặp đôi Venom và Eddie Brock (Tom Hardy). Sau khi dịch chuyển từ Vũ trụ Marvel trong ‘Spider-man: No way home’ (2021) trở về thực tại, Eddie Brock giờ đây cùng Venom sẽ phải đối mặt với ác thần Knull hùng mạnh - kẻ tạo ra cả chủng tộc Symbiote và những thế lực đang rình rập khác. Cặp đôi Eddie và Venom sẽ phải đưa ra lựa quyết định khốc liệt để hạ màn kèo cuối này.","[""Viễn tưởng"", ""Hành động"", ""Phiêu lưu""]","[""Kelly Marcel""]","[""Tom Hardy"", ""Chiwetel Ejiofor"", ""Juno Temple"", ""Rhys Ifans"", ""Stephen Graham"", ""Peggy Lu"", ""Clark Backo"", ""Alanna Ubach""]",[]
w2w,https://w2w.vn/phim/vi/,Vị,2021,"Bassley, một cầu thủ bóng đá người Nigeria sống tại Việt Nam, không thể kiếm sống kể từ khi anh bị gãy chân. Anh và bốn người phụ nữ trung niên mà anh đôi khi làm việc cùng quyết định trốn thoát khỏi nỗi thất vọng trong cuộc sống hàng ngày của họ. Họ đến một ngôi nhà cũ, nơi họ cùng nhau tạo ra một thế giới đặc biệt cho riêng mình. Nhưng thế giới lý tưởng thân mật này không thể tồn tại mãi mãi.","[""Chính kịch""]","[""Bao Le""]","[""Olegunleko Ezekiel Gbenga"", ""Khuong Thi Minh Nga"", ""Vu Thi Tham Thin"", ""Le Thi Dung"", ""Nguyen Thi Cam Xuan""]",[]
w2w,https://w2w.vn/phim/view/,View,2025,"Mang đậm màu sắc hiện sinh, View là cuộc đối thoại nội tâm về Di sản và Ký ức. Bộ phim khai thác sự đối lập giữa sự vĩnh cửu của vật chất (những công trình, đồ vật) và sự mong manh của kiếp người. Thông qua góc nhìn của một người trẻ lạc lõng, View bóc tách nỗi cô đơn trong đám đông và sự ám ảnh về cái chết thứ hai. Một trải nghiệm điện ảnh chậm rãi, u tối nhưng đầy sự thức tỉnh về giá trị của sự hiện diện.","[""Tài liệu"", ""Chính kịch""]","[""Tiến Vinh""]","[""Đào Văn Khải"", ""Tiến Vinh""]",[]
w2w,https://w2w.vn/phim/vinh-da-tinh-ha/,Vĩnh Dạ Tinh Hà,2024,"Cô nàng tinh quái Lăng Diệu Diệu vô tình bị cuốn vào hệ thống nhiệm vụ của tiểu thuyết Tróc Yêu. Để trở về thế giới thực, cô phải hoàn thành nhiệm vụ quan trọng mà hệ thống giao cho là chinh phục chàng thiếu niên có vấn đề tâm lý và thân thế bí ẩn Mộ Thanh. Trong quá trình này, họ cùng với Mộ Dao, người thuộc dòng tộc Tróc Yêu và pháp sư Tróc Yêu Liễu Phất Y cùng nhau vượt ải, đánh quái, không ngừng thăng cấp. Cùng với sự phát triển của nhiệm vụ, từng bước hóa giải mối thù giữa người và yêu, viết lại kết cục đã định, cứu vớt chúng sinh.","[""Chính kịch"", ""Viễn tưởng""]","[""白羽摘雕弓"", ""赵一龙""]","[""Ngu Thư Hân"", ""Đinh Vũ Hề"", ""Chúc Tự Đan"", ""Dương Thế Trạch""]",[]
w2w,https://w2w.vn/phim/vo-dien-sat-nhan/,Vô Diện Sát Nhân,2022,"Lâu rồi bác sĩ Phương Anh không được ngủ ngon. Giữa đêm, cô thường thức giấc vì những cơn ác mộng có nội dung tương tự. Trong mơ bác sĩ luôn thấy một kẻ không lộ rõ mặt, bám theo cô với con dao nhọn hoắt trên tay hòng cướp mạng. Cơn ác mộng lặp đi lặp lại khiến cuộc sống vốn hoàn hảo của Phương Anh đã bị đảo lộn hoàn toàn. Thế nhưng, điều kinh hoàng hơn còn xảy ra, khi tên Vô Diện Sát Nhân bước ra đời thực và truy sát cô.","[""Kinh dị""]","[""Đinh Công Hiếu""]","[""Phương Anh Đào"", ""Quách Ngọc Tuyên"", ""Hiếu Nguyễn"", ""Oanh Kiều"", ""Hoàng Phúc""]",[]
w2w,https://w2w.vn/phim/vo-si-giac-dau-ii/,Võ Sĩ Giác Đấu II,2024,"20 năm trước, một anh hùng đã được sinh ra và nhanh chóng thống trị mọi mặt trận phòng vé toàn cầu đầy kiêu hãnh. Tên gã là ""Maximus Decimus Meridius, chỉ huy quân đội phương Bắc, tướng quân của Felix Legions, người trung thành với hoàng đế chân chính Marcus Aurelius, cha của một đứa con đã bị giết, chồng của một người vợ đã bị giết. Và tôi sẽ trả thù, trong kiếp này hoặc kiếp sau"". Và 20 năm sau, Võ Sĩ Giác Đấu II tiếp nối với câu chuyện được thúc đẩy bởi nỗi căm thù của cậu bé Lucius, lúc này đã là một chàng võ sĩ giác đấu cường tráng bị ép buộc phải bước vào Đấu Trường La Mã khi cả vương quốc của mình rơi vào tay những gã Hoàng Đế bạo chúa.","[""Hành động"", ""Phiêu lưu"", ""Chính kịch""]","[""Ridley Scott""]","[""Paul Mescal"", ""Denzel Washington"", ""Pedro Pascal"", ""Connie Nielsen"", ""Joseph Quinn"", ""Fred Hechinger"", ""ליאור רז"", ""Derek Jacobi""]",[]
w2w,https://w2w.vn/phim/vo-si-giac-dau/,Võ Sĩ Giác Đấu,2000,"Hoàng đế Marcus quyết định chọn vị tướng tin cẩn là Maximus làm người kế vị ngai vàng. Ðiều đó làm Commodus, con trai Marcus, nổi giận. Hắn đã giết cha để chiếm ngôi rồi hãm hại gia đình Maximus. Bản thân Maximus bị trở thành nô lệ, phải tham gia vào các cuộc thi giác đấu... Cuối cùng Maximus cũng về đến Rome và trả thù cho gia đình... Cuộc đời Maximus thay đổi từ ấy, từ một vị tướng oai dũng trở thành một kẻ nô lệ phải trải qua bao thử thách...","[""Hành động"", ""Phiêu lưu"", ""Chính kịch""]","[""Ridley Scott""]","[""Russell Crowe"", ""Joaquin Phoenix"", ""Connie Nielsen"", ""Oliver Reed"", ""Richard Harris"", ""Derek Jacobi"", ""Djimon Hounsou"", ""David Schofield""]",[]
w2w,https://w2w.vn/phim/vo-toi-khong-co-cam-xuc/,Vợ tôi không có cảm xúc,2024,"Takuma không phải là chàng trai thú vị nhất. Anh ấy vụng về, độc thân và không làm gì ngoài việc đi làm và về nhà. Mệt mỏi vì làm việc nhà, anh ta quyết định mua một robot dọn phòng tên là Mina. Cô ấy có thể nấu ăn và dọn dẹp một cách hoàn hảo, và cả hai hiểu nhau hơn theo thời gian. Chẳng mấy chốc, Takuma bắt đầu phải lòng Mina! Nhưng liệu một robot có thể yêu lại anh ta không?","[""Hoạt hình"", ""Viễn tưởng"", ""Chính kịch"", ""Hài hước""]","[""-""]","[""豊永利行"", ""稲垣好"", ""青山吉能"", ""芹澤優"", ""松田利冴"", ""若井友希""]",[]
w2w,https://w2w.vn/phim/vu-cuop-the-ky/,Vụ Cướp Thế Kỷ,2008,"Terry làm nghề buôn bán ô tô nhỏ đang cố gắng từ bỏ quá khứ tội lỗi để bắt đầu một gia đình hạnh phúc. Mặc dù chưa bao giờ phạm một tội nào quá lớn nhưng Terry vẫn chưa hẳn đã hoàn lương. Trong khi đó, Martine, hàng xóm cũ của Terry đã đề nghị anh ta tham gia vào một vụ cướp ngân hàng. Nhận thấy đây là một phi vụ cực kỳ nguy hiểm nhưng Terry biết nó cũng có thể mang tới cơ hội đổi đời. Kế hoạch được vạch ra và băng trộm đã tìm thấy những két bạc chứa đầy tiền vàng trong ngân hàng Lloyds ở Marylebone, Luân Đôn. Nhưng họ không hề biết rằng những ngăn kéo an toàn đó còn chứa cả các bí mật khủng khiếp liên quan tới các tên tội phạm thế giới ngầm, các nhân vật cốt cán trong chính phủ và thậm chí cả Hoàng gia. Liệu Terry và đồng phạm có phải là những tên cướp nhà băng tai tiếng nhất hay thực sự chỉ là những kẻ vô tội trong một tội ác kinh hoàng?","[""Giật gân"", ""Tội phạm"", ""Chính kịch""]","[""Roger Donaldson""]","[""Jason Statham"", ""Saffron Burrows"", ""Stephen Campbell Moore"", ""Daniel Mays"", ""James Faulkner"", ""Andrew Brooke"", ""Michael Jibson"", ""Georgia Taylor""]",[]
w2w,https://w2w.vn/phim/vu-quy-dai-nao/,Vu Quy Đại Náo,2019,"Trang (Ngọc Trinh) và Hiền (Diệu Nhi) từng thề sẽ không để bạn ế một mình, nhưng cả hai lại đang khốn khổ trước sức ép lấy chồng từ gia đình. Không cam chịu, Trang rủ Hiền cùng Hoàng (La Thành) - cậu bạn thân cấp 3 đồng thời cũng là người đang bị ""ép duyên"" với cô - cùng nhau bỏ trốn. Vốn là một cô gái có đầu óc kinh doanh, Trang cùng hai người bạn nghĩ ra cách kiếm tiền bằng việc nhận tổ chức tiệc cưới.",[],"[""Lê Thiện Viễn""]","[""Ngọc Trinh"", ""Diệu Nhi"", ""La Thành"", ""Lâm Vinh Hải"", ""Tiết Cương"", ""Chí Tài"", ""Việt Hương"", ""Huỳnh Lập""]",[]
w2w,https://w2w.vn/phim/vua-soi/,Vua sói,2025,"Ở loạt phim phiêu lưu giả tưởng hoành tráng này, một thường dân đến tuổi trưởng thành biết được mình là người cuối cùng của dòng dõi Người sói lâu đời – và sẽ kế thừa ngai vàng.","[""Hoạt hình"", ""Phiêu lưu"", ""Gia đình"", ""Viễn tưởng""]","[""-""]","[""Ceallach Spellman"", ""Nina Barker-Francis""]",[]
w2w,https://w2w.vn/phim/vung-dat-linh-hon/,Vùng Đất Linh Hồn,2001,"Câu chuyện kể về cô bé bướng bỉnh Chihiro. Gia đình của Chihiro chuyển từ thành phố về quê sinh sống, và Chihiro chẳng thích thú tí nào với sự thay đổi này. Bố của Chihiro là một tay lái xe tệ hại và có một trí nhớ ""quá tồi"", ông đã lái xe lạc đường đến một thành phố bị bỏ hoang, không bóng người. Bị cuốn hút bởi mùi vị thơm ngon của thức ăn, bố mẹ của Chihiro bắt đầu ""thưởng thức"", nhưng kết quả họ bị biến thành những con heo mập. Còn thành phố không người kia, sau khi trời tối, tất cả sống dậy, những bóng ma bắt đầu xuất hiện và hoạt động. Cô bé bướng bỉnh phải làm gì để cứu bố mẹ mình và thoát khỏi đây?","[""Hoạt hình"", ""Gia đình"", ""Tưởng tượng""]","[""宮崎駿""]","[""柊瑠美"", ""Irino Miyu"", ""夏木マリ"", ""内藤剛志"", ""沢口靖子"", ""我修院達也"", ""Kamiki Ryunosuke"", ""玉井夕海""]",[]
w2w,https://w2w.vn/phim/vung-dau-dau/,Vùng Đau Đáu,2026,"Không dám chọn con đường hội họa trước kỳ thi đại học, Hải Vy – 18 tuổi, bị lạc vào ‘Vùng Đau Đầu’, thế giới của sự lãng quên do chính cô bé tạo ra.","[""Hoạt hình"", ""Tưởng tượng"", ""Phiêu lưu"", ""Gia đình""]","[""Huỳnh Lê Trúc Quỳnh""]","[""Trâm Anh"", ""Hồng Hạnh"", ""Trần Phượng"", ""Kha Vy"", ""Nguyễn Thị Thuý Lê""]",[]
w2w,https://w2w.vn/phim/wallace-va-gromit-long-vu-bao-thu/,Wallace và Gromit: Lông vũ báo thù,2024,Chú chó xuất chúng Gromit gấp rút cứu chủ nhân khi phát minh công nghệ cao của Wallace bổng nổi loạn và anh bị đổ oan thực hiện hàng loạt tội ác đáng ngờ.,"[""Hoạt hình"", ""Phiêu lưu"", ""Hài hước"", ""Viễn tưởng""]","[""Merlin Crossingham"", ""Nick Park""]","[""Ben Whitehead"", ""Peter Kay"", ""Lauren Patel"", ""Reece Shearsmith"", ""Diane Morgan"", ""Adjoa Andoh"", ""Muzz Khan"", ""Lenny Henry""]",[]
w2w,https://w2w.vn/phim/white-collar/,White Collar,2009,"Một thiên tài lừa đảo đồng ý giúp FBI phá các vụ án lừa đảo đỉnh cao – đổi lại tự do có điều kiện, trong một mối quan hệ đầy căng thẳng và trí tuệ.","[""Hành động""]","[""Jeff Eastin""]","[""Matt Bomer"", ""Tim DeKay""]",[]
w2w,https://w2w.vn/phim/wonder-man/,Wonder Man,2026,"Simon và Trevor, hai diễn viên ở hai thái cực khác nhau trong nghề, cả hai đều đang theo đuổi những vai diễn có thể thay đổi hoàn toàn vận mệnh của mình.","[""Hài hước"", ""Chính kịch""]","[""Andrew Guest"", ""Destin Daniel Cretton""]","[""Yahya Abdul-Mateen II"", ""Arian Moayed"", ""X Mayo"", ""Ben Kingsley""]",[]
w2w,https://w2w.vn/phim/wwe-hau-truong/,WWE: Hậu Trường,2025,"Từ Monday Night RAW đến WrestleMania, loạt phim này đưa bạn vào hậu trường cùng các Siêu sao và đội ngũ nhân viên của WWE khi họ tạo nên những sự kiện hoành tráng nhất của công ty.","[""Tài liệu""]","[""Erik Powers""]","[""-""]",[]
w2w,https://w2w.vn/phim/xich-lai-gan-nhau/,Xích Lại Gần Nhau,2004,"Closer là một câu truyện tình yêu phức tạp của 4 nhân vật chính, cả 4 người đều cùng lúc rơi vào một vòng luẩn quẩn trò chơi tình yêu, tình dục, đam mê và bi kịch. Họ vừa là nạn nhân vừa là thủ phạm, trong mối quan hệ tay tư chồng chéo giữa một nhà báo đẹp trai Dan Wolf (Jude Law), một vũ nữ thoát y Alice Ayred (Natalie Portman), một nữ nhiếp ảnh gia Anne Cameron (Julia Roberts) và chồng cô một bác sĩ da liễu nghiện sex Larry Bagley (Clive Owen).","[""Chính kịch"", ""Tình cảm""]","[""Mike Nichols""]","[""Jude Law"", ""Natalie Portman"", ""Julia Roberts"", ""Clive Owen"", ""Colin Stinton"", ""Nick Hobbs"", ""Steve Benham"", ""Elizabeth Bower""]",[]
w2w,https://w2w.vn/phim/xich-lo/,Xích lô,1995,"Bộ phim lấy bối cảnh của Thành phố Hồ Chí Minh, kể về câu chuyện một anh thanh niên làm nghề lái xe xích lô, vì khó khăn mưu sinh mà phải tham gia vào một băng đảng tội ác. Từ đó anh phải sống trong sự dằn vặt và sợ hãi, nhiều lần tính chuyện rút chân khỏi băng đảng nhưng đều thất bại.","[""Chính kịch"", ""Tội phạm""]","[""Trần Anh Hùng""]","[""Le Van Loc"", ""Lương Triều Vỹ"", ""Như Quỳnh"", ""Hoàng Phúc"", ""Ngo Quang Hai"", ""Tuyết Ngân"", ""Doan Viet Ha"", ""Bùi Hoàng Huy""]",[]
w2w,https://w2w.vn/phim/xin-chao-jadoo-lac-vao-vuong-quoc-phep-thuat/,Xin Chào Jadoo: Lạc Vào Vương Quốc Phép Thuật,2025,"Một ngày nọ, một cô bé tên Jadoo bất ngờ chui ra từ một tảng đá gần ngôi làng. Jadoo mong được sống cùng dân làng, nhưng lại bị đuổi đi vì bị vu oan. Không còn nơi nào để nương tựa, cô tìm đến một võ đường để xin chỗ ở, bắt đầu tập luyện võ thuật và dần dần kết bạn, bộc lộ những kỹ năng phi thường. Khi phát hiện ngôi làng sắp bị quái vật tấn công, Jadoo ban đầu không muốn quay về nơi từng ruồng bỏ mình. Nhưng rồi cô nhớ đến lũ trẻ năm xưa — những đứa trẻ đã mang khoai lang cho cô khi cô đói khát…Liệu như trong truyền thuyết, Jadoo có thực sự trở thành người nắm giữ cây gậy phép, cứu lấy ngôi làng?","[""Hoạt hình""]","[""Son Seok-woo""]","[""-""]",[]
w2w,https://w2w.vn/phim/xin-nhuong-phai-dep/,Xin nhường phái đẹp,2026,"Gã sát gái ngạo mạn nhưng cuốn hút thấy cuộc sống đầy tiền tài, quyền lực và những cuộc tình chớp nhoáng của mình bị đảo lộn khi tỉnh dậy ở thế giới song song nơi phụ nữ nắm quyền.","[""Hài hước"", ""Tưởng tượng""]","[""Thea Sharrock""]","[""Sacha Baron Cohen"", ""Rosamund Pike"", ""Tom Davis"", ""Emily Mortimer"", ""Weruche Opia"", ""Charles Dance"", ""Fiona Shaw"", ""Richard E. Grant""]",[]
w2w,https://w2w.vn/phim/yaiba-huyen-thoai-samurai/,YAIBA: Huyền Thoại Samurai,2025,"Yaiba sớm dấn thân vào những cuộc phiêu lưu kỳ thú, đối đầu với đủ loại kẻ thù, từ các samurai đối thủ, ninja, cho đến những sinh vật thần thoại và quỷ dữ. Trong hành trình của mình, Yaiba thu thập các viên ngọc quý và những thanh kiếm huyền thoại, giúp cậu gia tăng sức mạnh. Mục tiêu lớn nhất của Yaiba là trở thành một samurai vĩ đại nhất.","[""Phiêu lưu"", ""Hoạt hình"", ""Viễn tưởng"", ""Hài hước""]","[""-""]","[""高山みなみ"", ""Manaka Iwami""]",[]
w2w,https://w2w.vn/phim/yami-shibai/,Yami Shibai,2013,"Mỗi tối lúc 5 giờ chiều, một người đàn ông đeo mặt nạ vàng xuất hiện tại sân chơi thiếu nhi và kể những câu chuyện ma rùng rợn dựa trên truyền thuyết đô thị và folklore Nhật Bản. Anh sử dụng phương pháp kể chuyện kamishibai truyền thống với những hình ảnh vẽ tay – mỗi tập là một câu truyện kinh dị ngắn đầy ám ảnh","[""Kinh dị""]","[""Tomoya Takashima""]","[""Kanji Tsuda""]",[]
w2w,https://w2w.vn/phim/yeu-di-dung-so/,Yêu Đi Đừng Sợ,2017,"Yêu đi, đừng sợ! là câu chuyện tình yêu tróe ngoe, bi hài giữa Tùng (Ngô Kiến Huy), một chàng ảo thuật gia nổi tiếng với những màn hù dọa rùng rợn nhưng cực kì sợ ma và cô gái bí ẩn hay bị ma ám Phương (Nhã Phương). Định mệnh đưa Tùng đến với Phương bằng sự tò mò và chinh phục, sự rung động và cảm thông đưa Phương bước ra khỏi chiếc vỏ bọc khép kín. Những tưởng cả hai sẽ có thể vững tâm đến bên nhau và ""yêu đi, đừng sợ!"" nhưng những chuyện kì bí không ngừng diễn ra, cả hai phải đối diện với những trò quậy phá nguy hiểm tính mạng của kẻ đến từ cõi âm, ma nữ Vân, cũng là bạn thời trung học của Phương.","[""Gia đình"", ""Hài hước"", ""Tình cảm""]","[""Stephane Gauger""]","[""Ngô Kiến Huy"", ""Nhã Phương"", ""Kiều Minh Tuấn""]",[]
w2w,https://w2w.vn/phim/yeu-nhan-than-tham-ky-an-truong-an/,Yêu Nhân Thần Thám: Kỳ Án Trường An,2026,"Giữa Trường An tráng lệ và kỳ ảo dưới triều Đường, nơi những cỗ máy cơ khí tinh xảo hòa quyện cùng mái ngói cong vút, con người và yêu quái cùng chung sống. Địch Thiếu, thiếu niên thiên tài luôn mơ ước trở thành “Đại Thám Tử Số Một Trường An”, sở hữu khả năng suy luận sắc bén cùng tài ăn nói hơn người. Đồng hành cùng cậu là A Sa, tân binh yêu sói của đội tuần tra, giỏi võ nhưng mang trong mình trái tim lương thiện. Một vụ án mạng bí ẩn bất ngờ khiến đôi oan gia này phải hợp tác. Vừa đấu khẩu, vừa phối hợp phá án, cả hai dấn thân vào hành trình điều tra đầy bất ngờ và hiểm nguy. Khi mọi manh mối đều dẫn về trung tâm Trường An, liệu họ có thể bảo vệ sự bình yên của thành? Và đằng sau vẻ phồn hoa của Trường An đang ẩn giấu bí mật kinh thiên động địa nào?","[""Hoạt hình"", ""Hài hước"", ""Bí ẩn""]","[""Cheng Teng""]","[""雷淞然"", ""张呈"", ""Haiting Cai"", ""张喆"", ""王凱"", ""范哲琛""]",[]
w2w,https://w2w.vn/phim/yeu/,Yêu,2015,"Bộ phim xoay quanh mối quan hệ tình bạn, tình yêu của các nhân vật Nhi (do Chi Pu thủ vai), Hoàng (Bê Trần), Tú (Gil Lê) và Miến (Phở Đặc Biệt). Nhi, một cô gái với ngoại hình xinh xắn cùng khát vọng trở thành ca sĩ và được đào tạo trong một nhóm nhạc nữ sắp ra mắt. Bạn trai của Nhi là Hoàng – nhân vật của hot boy Bê Trần, cậu ấm của một gia đình giàu có với tính cách có phần cứng nhắc và áp đặt trong tình yêu. Bên cạnh Nhi còn có một người bạn gái thân từ thuở bé là Tú – nhân vật của Gil Lê, Tú và Nhi là đôi bạn thân lúc bé, do hoàn cảnh gia đình, Tú chuyển nhà đi nơi khác và từ đó mất liên lạc với Nhi. Và khi Nhi và Tú gặp lại nhau, những kỷ niệm thời thơ ấu cùng tình bạn thắm thiết của họ lại trở về, nhưng họ bắt đầu cảm nhận rằng không chỉ tình bạn, ở họ còn có một tình cảm nhiều hơn thế, chưa thể gọi tên và làm đôi bạn bối rối để chấp nhận hay chối bỏ…","[""Tình cảm""]","[""Việt Max""]","[""Chi Pu"", ""Gil Le"", ""B Trần"", ""Pho Dac Biet"", ""Lâm Thanh Mỹ"", ""Huỳnh Đông"", ""Phương Bella"", ""Phương Ly""]",[]
w2w,https://w2w.vn/phim/zero-day/,Zero Day,2025,Một cựu Tổng thống Hoa Kỳ được triệu tập trở lại sau nghỉ hưu để tìm ra nguồn gốc của một cuộc tấn công mạng chết chóc. Rồi mạng lưới dối trá và âm mưu dần hé mở.,"[""Chính kịch"", ""Chiến tranh""]","[""Eric Newman"", ""Noah Oppenheim"", ""Michael S. Schmidt""]","[""Robert De Niro"", ""Jesse Plemons"", ""Lizzy Caplan"", ""Connie Britton"", ""Joan Allen"", ""Bill Camp"", ""Dan Stevens"", ""McKinley Belcher III""]",[]
w2w,https://w2w.vn/phim/ziam-2025/,Ziam (2025),2025,"Trong một thế giới đang chìm trong nạn đói, một võ sĩ Muay Thái chiến đấu với lũ thây ma để cứu người mình yêu.","[""Kinh dị""]","[""Kulp Kaljareuk""]","[""Vathanyu Ingkawiwat"", ""Kulp Kaljareuk"", ""Nut Nualpang""]",[]
w2w,https://w2w.vn/phim/zootopia-1/,Phi Vụ Động Trời,2016,"Tại thành phố nơi thú ăn thịt và thú ăn cỏ cùng chung sống hoà bình, một cô thỏ cảnh sát đầy nhiệt huyết buộc phải hợp tác với một chú cáo lừa đảo tinh ranh để điều tra một vụ mất tích bí ẩn – thứ có thể làm đảo lộn cả trật tự xã hội của Zootopia.","[""Phiêu lưu"", ""Hoạt hình"", ""Hài hước"", ""Gia đình""]","[""Byron Howard"", ""Rich Moore""]","[""Ginnifer Goodwin"", ""Jason Bateman"", ""Idris Elba"", ""Jenny Slate"", ""Nate Torrence"", ""Bonnie Hunt"", ""Don Lake"", ""Tommy Chong""]",[]
